filename,Nx,Nz,Fmin,Fmax,Dx,Dz,Ntw,Nsg,LEN,SHF,SVF,SGM-Data,TELE-Data,TRIL-Data,LEVEL-Data,GPS-Data,INSAR-Data,SURF-Data,OTHER-Data,SGM-PHImx,TELE-PHImx,TRIL-PHImx,LEVEL-PHImx,GPS-PHImx,INSAR-PHImx,SURF-PHImx,OTHER-PHImx,SGM-Rmin,TELE-Rmin,TRIL-Rmin,LEVEL-Rmin,GPS-Rmin,INSAR-Rmin,SURF-Rmin,OTHER-Rmin,BBR-Data,HR-GPS-Data,Hr-GPS-Data,InSAR-Data,Other-Data,SAT-Data,SPOT-Data,hr-GPS-Data,inSAR-Data,level-Data,tril-Data
s1906SANFRA01SONG.fsp,48.0,1.0,0.01,0.1,10.0,12.0,1.0,1.0,0.0,0.0,EGF,0.0,5.0,203.0,0.0,0.0,0.0,0.0,0.0,0.0,220.0,999.0,0.0,0.0,0.0,0.0,0.0,0.0,53.2,999.0,0.0,0.0,0.0,0.0,0.0,NaN,NaN,NaN,NaN,NaN,NaN,NaN,NaN,NaN,NaN,NaN
s1906SANFRA01THAT.fsp,48.0,1.0,0.0,0.0,10.0,10.0,0.0,1.0,0.0,0.0,geodetic,0.0,0.0,181.0,0.0,0.0,0.0,0.0,0.0,0.0,0.0,999.0,0.0,0.0,0.0,0.0,0.0,0.0,0.0,999.0,0.0,0.0,0.0,0.0,0.0,NaN,NaN,NaN,NaN,NaN,NaN,NaN,NaN,NaN,NaN,NaN
s1923KANTOJ01KOBA.fsp,10.0,7.0,0.02,0.4,13.0,10.0,1.0,1.0,1.5,0.0,triang,3.0,5.0,999.0,999.0,0.0,0.0,0.0,0.0,240.0,200.0,999.0,999.0,0.0,0.0,0.0,0.0,90.0,60.0,999.0,999.0,0.0,0.0,0.0,0.0,NaN,NaN,NaN,NaN,NaN,NaN,NaN,NaN,NaN,NaN,NaN
s1923KANTOJ01WALD.fsp,10.0,7.0,0.0,0.07,13.0,10.0,3.0,1.0,4.0,2.0,triang,0.0,6.0,31.0,225.0,0.0,0.0,0.0,0.0,0.0,165.0,0.0,0.0,0.0,0.0,0.0,0.0,0.0,69.8,0.0,0.0,0.0,0.0,0.0,0.0,NaN,NaN,NaN,NaN,NaN,NaN,NaN,NaN,NaN,NaN,NaN
s1944TONANK01ICHI.fsp,11.0,7.0,0.0,0.5,20.0,20.0,8.0,1.0,5.0,2.5,triang,13.0,10.0,0.0,0.0,0.0,0.0,0.0,0.0,180.0,100.0,0.0,0.0,0.0,0.0,0.0,0.0,30.0,60.0,0.0,0.0,0.0,0.0,0.0,0.0,NaN,NaN,NaN,NaN,NaN,NaN,NaN,NaN,NaN,NaN,NaN
s1944TONANK01KATO.fsp,4.0,3.0,0.0,0.0,60.0,60.0,0.0,1.0,0.0,0.0,tsunami,0.0,0.0,0.0,0.0,0.0,0.0,0.0,12.0,0.0,0.0,0.0,0.0,0.0,0.0,0.0,210.0,0.0,0.0,0.0,0.0,0.0,0.0,0.0,150.0,NaN,NaN,NaN,NaN,NaN,NaN,NaN,NaN,NaN,NaN,NaN
s1944TONANK01KIKU.fsp,7.0,4.0,0.05,0.5,20.0,20.0,10.0,1.0,3.0,1.5,triang,6.0,0.0,0.0,0.0,0.0,0.0,0.0,0.0,175.0,0.0,0.0,0.0,0.0,0.0,0.0,0.0,150.0,0.0,0.0,0.0,0.0,0.0,0.0,0.0,NaN,NaN,NaN,NaN,NaN,NaN,NaN,NaN,NaN,NaN,NaN
s1944TONANK01SATA.fsp,3.0,3.0,0.0,0.0,90.0,60.0,0.0,1.0,0.0,0.0,tsunami,0.0,0.0,0.0,0.0,0.0,0.0,0.0,999.0,0.0,0.0,0.0,0.0,0.0,0.0,0.0,999.0,0.0,0.0,0.0,0.0,0.0,0.0,0.0,999.0,NaN,NaN,NaN,NaN,NaN,NaN,NaN,NaN,NaN,NaN,NaN
s1944TONANK01TANI.fsp,7.0,4.0,0.0,0.0,45.0,45.0,0.0,1.0,0.0,0.0,tsunami,0.0,0.0,0.0,0.0,0.0,0.0,0.0,10.0,0.0,0.0,0.0,0.0,0.0,0.0,0.0,210.0,0.0,0.0,0.0,0.0,0.0,0.0,0.0,150.0,NaN,NaN,NaN,NaN,NaN,NaN,NaN,NaN,NaN,NaN,NaN
s1945MIKAWA01KIKU.fsp,5.0,3.0,0.05,0.5,5.0,5.0,5.0,1.0,2.0,1.0,triang,5.0,0.0,0.0,0.0,0.0,0.0,0.0,0.0,200.0,0.0,0.0,0.0,0.0,0.0,0.0,0.0,60.0,0.0,0.0,0.0,0.0,0.0,0.0,0.0,NaN,NaN,NaN,NaN,NaN,NaN,NaN,NaN,NaN,NaN,NaN
s1946NANKAI01BABA.fsp,8.0,4.0,0.0,0.0,45.0,45.0,0.0,1.0,0.0,0.0,tsunami,0.0,0.0,0.0,0.0,0.0,0.0,0.0,8.0,0.0,0.0,0.0,0.0,0.0,0.0,0.0,210.0,0.0,0.0,0.0,0.0,0.0,0.0,0.0,150.0,NaN,NaN,NaN,NaN,NaN,NaN,NaN,NaN,NaN,NaN,NaN
s1946NANKAI01KATO.fsp,6.0,3.0,0.0,0.0,60.0,60.0,0.0,1.0,0.0,0.0,tsunami,0.0,0.0,0.0,0.0,0.0,0.0,0.0,12.0,0.0,0.0,0.0,0.0,0.0,0.0,0.0,210.0,0.0,0.0,0.0,0.0,0.0,0.0,0.0,150.0,NaN,NaN,NaN,NaN,NaN,NaN,NaN,NaN,NaN,NaN,NaN
s1946NANKAI01SATA.fsp,4.0,3.0,0.0,0.0,90.0,60.0,0.0,1.0,0.0,0.0,geodetic,0.0,0.0,999.0,999.0,0.0,0.0,0.0,999.0,0.0,0.0,999.0,999.0,0.0,0.0,0.0,0.0,0.0,0.0,999.0,999.0,0.0,0.0,0.0,0.0,NaN,NaN,NaN,NaN,NaN,NaN,NaN,NaN,NaN,NaN,NaN
s1946NANKAI01TANI.fsp,8.0,4.0,0.0,0.0,45.0,45.0,0.0,1.0,0.0,0.0,tsunami,0.0,0.0,0.0,0.0,0.0,0.0,0.0,8.0,0.0,0.0,0.0,0.0,0.0,0.0,0.0,150.0,0.0,0.0,0.0,0.0,0.0,0.0,0.0,200.0,NaN,NaN,NaN,NaN,NaN,NaN,NaN,NaN,NaN,NaN,NaN
s1961KITAMI01TAKE.fsp,4.0,3.0,0.0,0.5,4.0,4.0,1.0,1.0,3.0,0.0,parab.ramp,6.0,0.0,0.0,0.0,0.0,0.0,0.0,0.0,125.0,0.0,0.0,0.0,0.0,0.0,0.0,0.0,46.8,0.0,0.0,0.0,0.0,0.0,0.0,0.0,NaN,NaN,NaN,NaN,NaN,NaN,NaN,NaN,NaN,NaN,NaN
s1968HYUGAx01YAGI.fsp,8.0,7.0,999.0,999.0,9.0,9.0,1.0,1.0,999.0,0.0,unknown,999.0,0.0,0.0,0.0,0.0,0.0,0.0,0.0,999.0,0.0,0.0,0.0,0.0,0.0,0.0,0.0,999.0,0.0,0.0,0.0,0.0,0.0,0.0,0.0,NaN,NaN,NaN,NaN,NaN,NaN,NaN,NaN,NaN,NaN,NaN
s1968TOKACH01NAGA.fsp,12.0,6.0,0.03,0.4,20.0,20.0,1.0,1.0,999.0,0.0,unknown,999.0,999.0,0.0,0.0,0.0,0.0,0.0,999.0,999.0,999.0,0.0,0.0,0.0,0.0,0.0,999.0,999.0,999.0,0.0,0.0,0.0,0.0,0.0,999.0,NaN,NaN,NaN,NaN,NaN,NaN,NaN,NaN,NaN,NaN,NaN
s1969GIFUxK01TAKE.fsp,5.0,4.0,0.0,0.5,4.0,2.8,1.0,1.0,3.0,0.0,parab.ramp,8.0,0.0,0.0,0.0,0.0,0.0,0.0,0.0,77.0,0.0,0.0,0.0,0.0,0.0,0.0,0.0,45.8,0.0,0.0,0.0,0.0,0.0,0.0,0.0,NaN,NaN,NaN,NaN,NaN,NaN,NaN,NaN,NaN,NaN,NaN
s1974IZUxHA01TAKE.fsp,5.0,3.0,0.0,0.5,5.0,3.0,1.0,1.0,3.0,0.0,parab.ramp,7.0,0.0,0.0,0.0,0.0,0.0,0.0,0.0,203.0,0.0,0.0,0.0,0.0,0.0,0.0,0.0,50.0,0.0,0.0,0.0,0.0,0.0,0.0,0.0,NaN,NaN,NaN,NaN,NaN,NaN,NaN,NaN,NaN,NaN,NaN
s1975OITAxK01TAKE.fsp,3.0,3.0,0.0,0.5,3.33,3.33,1.0,1.0,3.0,0.0,parab.ramp,7.0,9.0,0.0,0.0,0.0,0.0,0.0,0.0,105.0,97.0,0.0,0.0,0.0,0.0,0.0,0.0,30.0,20.0,0.0,0.0,0.0,0.0,0.0,0.0,NaN,NaN,NaN,NaN,NaN,NaN,NaN,NaN,NaN,NaN,NaN
s1978MIYAGI01YAMA.fsp,8.0,7.0,0.02,0.5,10.0,10.0,1.0,1.0,999.0,0.0,unknown,8.0,0.0,0.0,0.0,0.0,0.0,0.0,0.0,210.0,0.0,0.0,0.0,0.0,0.0,0.0,0.0,150.0,0.0,0.0,0.0,0.0,0.0,0.0,0.0,NaN,NaN,NaN,NaN,NaN,NaN,NaN,NaN,NaN,NaN,NaN
s1978TABASI01HART.fsp,20.0,10.0,0.2,2.0,4.75,4.5,1.0,1.0,0.7,0.0,triang,3.0,10.0,0.0,0.0,0.0,0.0,0.0,0.0,189.0,180.0,0.0,0.0,0.0,0.0,0.0,0.0,12.0,40.1,0.0,0.0,0.0,0.0,0.0,0.0,NaN,NaN,NaN,NaN,NaN,NaN,NaN,NaN,NaN,NaN,NaN
s1979COYOTE01LIUx.fsp,20.0,20.0,0.0,2.0,0.5,0.5,1.0,1.0,0.5,0.0,triang,6.0,14.0,0.0,0.0,0.0,0.0,0.0,0.0,222.0,240.0,0.0,0.0,0.0,0.0,0.0,0.0,2.0,32.6,0.0,0.0,0.0,0.0,0.0,0.0,NaN,NaN,NaN,NaN,NaN,NaN,NaN,NaN,NaN,NaN,NaN
s1979IMPERI01ARCH.fsp,15.0,14.0,0.0,1.0,2.5,1.0,1.0,1.0,-99.0,0.0,boxcar,16.0,0.0,0.0,0.0,0.0,0.0,0.0,0.0,78.0,0.0,0.0,0.0,0.0,0.0,0.0,0.0,1.0,0.0,0.0,0.0,0.0,0.0,0.0,0.0,NaN,NaN,NaN,NaN,NaN,NaN,NaN,NaN,NaN,NaN,NaN
s1979IMPERI01HART.fsp,14.0,4.0,0.1,1.0,3.0,2.6,1.0,1.0,0.7,0.2,triang,12.0,23.0,0.0,0.0,0.0,0.0,0.0,0.0,200.0,114.0,0.0,0.0,0.0,0.0,0.0,0.0,999.0,1.0,0.0,0.0,0.0,0.0,0.0,0.0,NaN,NaN,NaN,NaN,NaN,NaN,NaN,NaN,NaN,NaN,NaN
s1979IMPERI01ZENG.fsp,84.0,20.0,0.0,2.0,0.5,0.5,1.0,1.0,999.0,0.0,composite,28.0,0.0,0.0,0.0,0.0,0.0,0.0,0.0,70.0,0.0,0.0,0.0,0.0,0.0,0.0,0.0,1.0,0.0,0.0,0.0,0.0,0.0,0.0,0.0,NaN,NaN,NaN,NaN,NaN,NaN,NaN,NaN,NaN,NaN,NaN
s1979PETATL01MEND.fsp,12.0,12.0,0.01,0.2,10.0,10.0,10.0,1.0,1.0,0.0,boxcar,0.0,15.0,0.0,0.0,0.0,0.0,0.0,0.0,0.0,95.0,0.0,0.0,0.0,0.0,0.0,0.0,0.0,45.2,0.0,0.0,0.0,0.0,0.0,0.0,NaN,NaN,NaN,NaN,NaN,NaN,NaN,NaN,NaN,NaN,NaN
s1980IZUxHA01TAKE.fsp,5.0,4.0,0.0,0.5,4.0,3.0,1.0,1.0,3.0,0.0,parab.ramp,6.0,0.0,0.0,0.0,0.0,0.0,0.0,0.0,115.0,0.0,0.0,0.0,0.0,0.0,0.0,0.0,18.8,0.0,0.0,0.0,0.0,0.0,0.0,0.0,NaN,NaN,NaN,NaN,NaN,NaN,NaN,NaN,NaN,NaN,NaN
s1981PLAYAA01MEND.fsp,12.0,14.0,0.0,0.2,5.0,5.0,1.0,1.0,1.0,0.0,boxcar,0.0,15.0,0.0,0.0,0.0,0.0,0.0,0.0,0.0,109.0,0.0,0.0,0.0,0.0,0.0,0.0,0.0,30.5,0.0,0.0,0.0,0.0,0.0,0.0,NaN,NaN,NaN,NaN,NaN,NaN,NaN,NaN,NaN,NaN,NaN
s1982NEWBRU01HART.fsp,8.0,8.0,0.01,0.5,1.0,1.13,10.0,1.0,0.2,0.0,boxcar,0.0,15.0,0.0,0.0,0.0,0.0,0.0,0.0,0.0,75.0,0.0,0.0,0.0,0.0,0.0,0.0,0.0,30.64,0.0,0.0,0.0,0.0,0.0,0.0,NaN,NaN,NaN,NaN,NaN,NaN,NaN,NaN,NaN,NaN,NaN
s1983BORAHP01MEND.fsp,16.0,8.0,0.0,0.5,3.25,3.33,1.0,1.0,0.6,0.0,triang,0.0,23.0,0.0,0.0,0.0,0.0,0.0,0.0,0.0,82.0,0.0,0.0,0.0,0.0,0.0,0.0,0.0,999.0,0.0,0.0,0.0,0.0,0.0,0.0,NaN,NaN,NaN,NaN,NaN,NaN,NaN,NaN,NaN,NaN,NaN
s1984MORGAN01BERO.fsp,61.0,11.0,0.2,4.0,0.5,1.0,1.0,1.0,0.2,0.0,kostrov,6.0,0.0,0.0,0.0,0.0,0.0,0.0,0.0,179.0,0.0,0.0,0.0,0.0,0.0,0.0,0.0,0.1,0.0,0.0,0.0,0.0,0.0,0.0,0.0,NaN,NaN,NaN,NaN,NaN,NaN,NaN,NaN,NaN,NaN,NaN
s1984MORGAN01HART.fsp,27.0,6.0,0.2,2.0,1.0,1.92,1.0,1.0,0.3,0.2,triang,11.0,4.0,0.0,0.0,0.0,0.0,0.0,0.0,179.0,0.0,0.0,0.0,0.0,0.0,0.0,0.0,0.1,0.0,0.0,0.0,0.0,0.0,0.0,0.0,NaN,NaN,NaN,NaN,NaN,NaN,NaN,NaN,NaN,NaN,NaN
s1984NAGANO01TAKE.fsp,4.0,3.0,0.0,0.5,3.0,3.0,1.0,1.0,1.5,0.0,parab.ramp,5.0,0.0,0.0,0.0,0.0,0.0,0.0,0.0,120.0,0.0,0.0,0.0,0.0,0.0,0.0,0.0,43.0,0.0,0.0,0.0,0.0,0.0,0.0,0.0,NaN,NaN,NaN,NaN,NaN,NaN,NaN,NaN,NaN,NaN,NaN
s1985MICHOA01MEND.fsp,12.0,10.0,0.0,0.5,15.0,13.9,3.0,1.0,2.0,0.0,triang,4.0,13.0,0.0,0.0,0.0,0.0,0.0,0.0,243.0,203.0,0.0,0.0,0.0,0.0,0.0,0.0,18.2,999.0,0.0,0.0,0.0,0.0,0.0,0.0,NaN,NaN,NaN,NaN,NaN,NaN,NaN,NaN,NaN,NaN,NaN
s1985NAHANN01HART.fsp,15.0,10.0,0.0,1.0,2.66,1.74,10.0,1.0,0.2,0.0,boxcar,0.0,17.0,0.0,0.0,0.0,0.0,0.0,0.0,0.0,75.0,0.0,0.0,0.0,0.0,0.0,0.0,0.0,28.3,0.0,0.0,0.0,0.0,0.0,0.0,NaN,NaN,NaN,NaN,NaN,NaN,NaN,NaN,NaN,NaN,NaN
s1985NAHANN02HART.fsp,18.0,9.0,0.2,3.0,2.67,2.36,15.0,1.0,0.2,0.0,boxcar,3.0,18.0,0.0,0.0,0.0,0.0,0.0,0.0,76.0,180.0,0.0,0.0,0.0,0.0,0.0,0.0,29.5,6.5,0.0,0.0,0.0,0.0,0.0,0.0,NaN,NaN,NaN,NaN,NaN,NaN,NaN,NaN,NaN,NaN,NaN
s1985ZIHUAT01MEND.fsp,12.0,12.0,0.0,0.5,7.5,7.5,1.0,1.0,1.0,0.0,boxcar,0.0,24.0,0.0,0.0,0.0,0.0,0.0,0.0,0.0,117.0,0.0,0.0,0.0,0.0,0.0,0.0,0.0,31.0,0.0,0.0,0.0,0.0,0.0,0.0,NaN,NaN,NaN,NaN,NaN,NaN,NaN,NaN,NaN,NaN,NaN
s1986NORTHP01HART.fsp,11.0,8.0,0.0,3.0,2.0,1.9,1.0,1.0,0.4,0.0,triang,9.0,0.0,0.0,0.0,0.0,0.0,0.0,0.0,132.0,0.0,0.0,0.0,0.0,0.0,0.0,0.0,4.6,0.0,0.0,0.0,0.0,0.0,0.0,0.0,NaN,NaN,NaN,NaN,NaN,NaN,NaN,NaN,NaN,NaN,NaN
s1986NORTHP01MEND.fsp,11.0,8.0,0.0,0.5,2.0,1.9,1.0,1.0,0.6,0.0,triang,0.0,19.0,0.0,0.0,0.0,0.0,0.0,0.0,0.0,133.0,0.0,0.0,0.0,0.0,0.0,0.0,0.0,999.0,0.0,0.0,0.0,0.0,0.0,0.0,NaN,NaN,NaN,NaN,NaN,NaN,NaN,NaN,NaN,NaN,NaN
s1987ELMORE01LARS.fsp,10.0,5.0,0.0,0.0,2.5,2.0,0.0,1.0,0.0,0.0,geodetic,0.0,0.0,0.0,0.0,30.0,0.0,0.0,0.0,0.0,0.0,117.0,0.0,0.0,0.0,0.0,0.0,0.0,0.0,3.0,0.0,0.0,0.0,0.0,0.0,NaN,NaN,NaN,NaN,NaN,NaN,NaN,NaN,NaN,NaN,NaN
s1987SUPERS01LARS.fsp,10.0,5.0,0.0,0.0,2.5,2.0,0.0,1.0,0.0,0.0,geodetic,0.0,0.0,0.0,0.0,30.0,0.0,0.0,0.0,0.0,0.0,117.0,0.0,0.0,0.0,0.0,0.0,0.0,0.0,3.0,0.0,0.0,0.0,0.0,0.0,NaN,NaN,NaN,NaN,NaN,NaN,NaN,NaN,NaN,NaN,NaN
s1987WHITTI01HART.fsp,10.0,10.0,0.2,3.0,1.0,1.0,2.0,1.0,0.2,0.0,triang,17.0,0.0,0.0,0.0,0.0,0.0,0.0,0.0,36.0,0.0,0.0,0.0,0.0,0.0,0.0,0.0,2.5,0.0,0.0,0.0,0.0,0.0,0.0,0.0,NaN,NaN,NaN,NaN,NaN,NaN,NaN,NaN,NaN,NaN,NaN
s1988SAGUEN01HART.fsp,10.0,9.0,0.01,0.5,1.0,1.1,10.0,1.0,0.2,0.0,boxcar,9.0,17.0,0.0,0.0,0.0,0.0,0.0,0.0,115.0,90.0,0.0,0.0,0.0,0.0,0.0,0.0,43.2,29.22,0.0,0.0,0.0,0.0,0.0,0.0,NaN,NaN,NaN,NaN,NaN,NaN,NaN,NaN,NaN,NaN,NaN
s1989LOMAPR01BERO.fsp,81.0,15.0,0.3,2.0,0.5,1.0,1.0,1.0,0.3,0.0,kostrov,20.0,0.0,0.0,0.0,0.0,0.0,0.0,0.0,117.0,0.0,0.0,0.0,0.0,0.0,0.0,0.0,5.1,0.0,0.0,0.0,0.0,0.0,0.0,0.0,NaN,NaN,NaN,NaN,NaN,NaN,NaN,NaN,NaN,NaN,NaN
s1989LOMAPR01EMOL.fsp,140.0,56.0,0.5,5.0,0.25,0.25,1.0,1.0,0.0,0.0,unknown,6.0,0.0,0.0,0.0,0.0,0.0,0.0,0.0,120.0,0.0,0.0,0.0,0.0,0.0,0.0,0.0,10.0,0.0,0.0,0.0,0.0,0.0,0.0,0.0,NaN,NaN,NaN,NaN,NaN,NaN,NaN,NaN,NaN,NaN,NaN
s1989LOMAPR01STEI.fsp,19.0,8.0,0.05,1.0,2.0,2.12,1.0,1.0,1.0,0.0,triang,38.0,0.0,0.0,0.0,0.0,0.0,0.0,0.0,68.0,0.0,0.0,0.0,0.0,0.0,0.0,0.0,5.1,0.0,0.0,0.0,0.0,0.0,0.0,0.0,NaN,NaN,NaN,NaN,NaN,NaN,NaN,NaN,NaN,NaN,NaN
s1989LOMAPR01WALD.fsp,12.0,8.0,0.1,1.0,3.33,2.5,3.0,1.0,0.7,0.1,triang,16.0,16.0,0.0,0.0,0.0,0.0,0.0,0.0,80.0,27.0,0.0,0.0,0.0,0.0,0.0,0.0,5.1,31.8,0.0,0.0,0.0,0.0,0.0,0.0,NaN,NaN,NaN,NaN,NaN,NaN,NaN,NaN,NaN,NaN,NaN
s1989LOMAPR01ZENG.fsp,80.0,28.0,0.1,2.0,0.5,0.5,1.0,1.0,999.0,0.0,composite,34.0,0.0,0.0,0.0,0.0,0.0,0.0,0.0,109.0,0.0,0.0,0.0,0.0,0.0,0.0,0.0,3.9,0.0,0.0,0.0,0.0,0.0,0.0,0.0,NaN,NaN,NaN,NaN,NaN,NaN,NaN,NaN,NaN,NaN,NaN
s1989UNGAVA01HART.fsp,13.0,6.0,0.01,0.5,1.0,1.0,10.0,1.0,0.2,0.0,boxcar,0.0,20.0,0.0,0.0,0.0,0.0,0.0,0.0,0.0,80.0,0.0,0.0,0.0,0.0,0.0,0.0,0.0,30.91,0.0,0.0,0.0,0.0,0.0,0.0,NaN,NaN,NaN,NaN,NaN,NaN,NaN,NaN,NaN,NaN,NaN
s1990MARIAN01HAYE.fsp,15.0,10.0,0.0,1.0,5.0,3.5,5.0,1.0,1.6,0.8,asymetriccosine,0.0,10.0,0.0,0.0,0.0,0.0,0.0,NaN,0.0,259.0,0.0,0.0,0.0,0.0,0.0,0.0,0.0,51.9,0.0,0.0,0.0,0.0,0.0,0.0,NaN,NaN,NaN,NaN,NaN,NaN,NaN,NaN,NaN,NaN,NaN
s1991SIERRA01WALD.fsp,10.0,10.0,0.2,5.0,0.7,0.6,1.0,1.0,0.2,0.1,triang,14.0,9.0,0.0,0.0,6.0,0.0,0.0,0.0,75.0,297.0,0.0,0.0,0.0,0.0,0.0,0.0,2.0,343.0,0.0,0.0,0.0,0.0,0.0,0.0,NaN,NaN,NaN,NaN,NaN,NaN,NaN,NaN,NaN,NaN,NaN
s1992JOSHUA01BENN.fsp,35.0,20.0,0.0,0.0,1.0,1.0,0.0,1.0,0.0,0.0,geodetic,0.0,0.0,999.0,0.0,20.0,0.0,0.0,0.0,0.0,0.0,50.0,0.0,0.0,0.0,0.0,0.0,0.0,0.0,12.0,0.0,0.0,0.0,0.0,0.0,NaN,NaN,NaN,NaN,NaN,NaN,NaN,NaN,NaN,NaN,NaN
s1992JOSHUA01HOUG.fsp,22.0,20.0,0.2,5.0,1.0,1.0,0.0,1.0,0.0,0.0,EGF,3.0,0.0,0.0,0.0,0.0,0.0,0.0,0.0,999.0,0.0,0.0,0.0,0.0,0.0,0.0,0.0,999.0,0.0,0.0,0.0,0.0,0.0,0.0,0.0,NaN,NaN,NaN,NaN,NaN,NaN,NaN,NaN,NaN,NaN,NaN
s1992LITTLE01SILV.fsp,3.0,2.0,999.0,999.0,2.33,3.31,1.0,1.0,999.0,0.0,unknown,999.0,0.0,0.0,0.0,0.0,0.0,0.0,0.0,999.0,0.0,0.0,0.0,0.0,0.0,0.0,0.0,999.0,0.0,0.0,0.0,0.0,0.0,0.0,0.0,NaN,NaN,NaN,NaN,NaN,NaN,NaN,NaN,NaN,NaN,NaN
s1993PUMQUx01WANG.fsp,30.0,22.0,0.0,0.0,1.0,1.0,0.0,1.0,0.0,0.0,notapplicable,0.0,0.0,NaN,NaN,0.0,NaN,NaN,0.0,0.0,0.0,0.0,0.0,0.0,999.0,0.0,NaN,0.0,0.0,0.0,0.0,0.0,999.0,0.0,NaN,NaN,NaN,NaN,999.0,NaN,NaN,NaN,NaN,NaN,0.0,0.0
s1993TAPUTA01MAxx.fsp,29.0,26.0,0.0,0.0,0.5,0.5,1.0,1.0,0.3,0.0,triang,12.0,0.0,0.0,0.0,0.0,NaN,NaN,NaN,999.0,0.0,0.0,0.0,0.0,0.0,NaN,NaN,999.0,0.0,0.0,0.0,0.0,0.0,NaN,NaN,NaN,NaN,NaN,NaN,0.0,NaN,NaN,NaN,NaN,NaN,NaN
s1994NANAOT01MAxx.fsp,26.0,16.0,0.0,0.0,1.0,1.0,1.0,1.0,0.7,0.0,triang,9.0,0.0,0.0,0.0,0.0,NaN,NaN,NaN,999.0,0.0,0.0,0.0,0.0,0.0,NaN,NaN,999.0,0.0,0.0,0.0,0.0,0.0,NaN,NaN,NaN,NaN,NaN,NaN,0.0,NaN,NaN,NaN,NaN,NaN,NaN
s1994NORTHR01DREG.fsp,23.0,27.0,0.0,0.5,1.0,1.0,1.0,1.0,1.0,0.0,triang,0.0,8.0,0.0,0.0,0.0,0.0,0.0,0.0,0.0,140.0,0.0,0.0,0.0,0.0,0.0,0.0,0.0,111.0,0.0,0.0,0.0,0.0,0.0,0.0,NaN,NaN,NaN,NaN,NaN,NaN,NaN,NaN,NaN,NaN,NaN
s1994NORTHR01HART.fsp,14.0,14.0,0.1,1.0,1.43,1.78,3.0,1.0,0.6,0.2,triang,35.0,0.0,0.0,0.0,0.0,0.0,0.0,0.0,30.0,0.0,0.0,0.0,0.0,0.0,0.0,0.0,2.0,0.0,0.0,0.0,0.0,0.0,0.0,0.0,NaN,NaN,NaN,NaN,NaN,NaN,NaN,NaN,NaN,NaN,NaN
s1994NORTHR01HUDN.fsp,10.0,13.0,0.0,0.0,2.0,2.0,0.0,1.0,0.0,0.0,geodetic,0.0,0.0,0.0,0.0,66.0,0.0,0.0,0.0,0.0,0.0,66.0,0.0,0.0,0.0,0.0,0.0,0.0,0.0,23.0,0.0,0.0,0.0,0.0,0.0,NaN,NaN,NaN,NaN,NaN,NaN,NaN,NaN,NaN,NaN,NaN
s1994NORTHR01WALD.fsp,14.0,14.0,0.0,1.0,1.29,1.71,3.0,1.0,0.6,0.2,triang,38.0,13.0,0.0,0.0,26.0,0.0,0.0,0.0,30.0,51.0,999.0,0.0,0.0,0.0,0.0,0.0,1.0,35.4,2.0,0.0,0.0,0.0,0.0,0.0,NaN,NaN,NaN,NaN,NaN,NaN,NaN,NaN,NaN,NaN,NaN
s1994NORTHR01ZENG.fsp,36.0,48.0,0.0,1.0,0.5,0.5,1.0,1.0,999.0,0.0,composite,10.0,0.0,0.0,0.0,0.0,0.0,0.0,0.0,77.0,0.0,0.0,0.0,0.0,0.0,0.0,0.0,9.2,0.0,0.0,0.0,0.0,0.0,0.0,0.0,NaN,NaN,NaN,NaN,NaN,NaN,NaN,NaN,NaN,NaN,NaN
s1994SANRIK01HAYE.fsp,14.0,19.0,0.0,1.0,15.0,7.9,5.0,1.0,3.4,1.7,asymetriccosine,0.0,72.0,0.0,0.0,0.0,0.0,0.0,NaN,0.0,69.0,0.0,0.0,0.0,0.0,0.0,0.0,0.0,36.92,0.0,0.0,0.0,0.0,0.0,0.0,NaN,NaN,NaN,NaN,NaN,NaN,NaN,NaN,NaN,NaN,NaN
s1994SANRIK01NAGA.fsp,11.0,14.0,0.03,0.4,10.0,10.0,999.0,1.0,999.0,999.0,unknown,999.0,0.0,0.0,0.0,0.0,0.0,0.0,0.0,999.0,0.0,0.0,0.0,0.0,0.0,0.0,0.0,999.0,0.0,0.0,0.0,0.0,0.0,0.0,0.0,NaN,NaN,NaN,NaN,NaN,NaN,NaN,NaN,NaN,NaN,NaN
s1994TAIWAN01MAxx.fsp,21.0,21.0,0.0,0.0,0.3,0.3,1.0,1.0,0.4,0.0,triang,12.0,0.0,0.0,0.0,0.0,NaN,NaN,NaN,999.0,0.0,0.0,0.0,0.0,0.0,NaN,NaN,999.0,0.0,0.0,0.0,0.0,0.0,NaN,NaN,NaN,NaN,NaN,NaN,0.0,NaN,NaN,NaN,NaN,NaN,NaN
s1994TAIWAN02MAxx.fsp,21.0,21.0,0.0,0.0,0.3,0.3,1.0,1.0,0.4,0.0,triang,12.0,0.0,0.0,0.0,0.0,NaN,NaN,NaN,999.0,0.0,0.0,0.0,0.0,0.0,NaN,NaN,999.0,0.0,0.0,0.0,0.0,0.0,NaN,NaN,NaN,NaN,NaN,NaN,0.0,NaN,NaN,NaN,NaN,NaN,NaN
s1995COLIMA01MEND.fsp,20.0,10.0,0.02,0.5,10.0,10.0,10.0,1.0,2.0,0.0,boxcar,0.0,38.0,0.0,0.0,0.0,0.0,0.0,0.0,0.0,97.0,0.0,0.0,0.0,0.0,0.0,0.0,0.0,999.0,0.0,0.0,0.0,0.0,0.0,0.0,NaN,NaN,NaN,NaN,NaN,NaN,NaN,NaN,NaN,NaN,NaN
s1995COPALA01COUR.fsp,15.0,11.0,999.0,0.5,5.0,5.0,999.0,1.0,3.0,999.0,trapezoidal,2.0,0.0,NaN,NaN,0.0,NaN,NaN,0.0,999.0,0.0,0.0,0.0,0.0,0.0,0.0,NaN,999.0,0.0,0.0,0.0,0.0,0.0,0.0,NaN,NaN,NaN,NaN,0.0,NaN,NaN,NaN,NaN,NaN,0.0,0.0
s1995KOBEJA01CHOx.fsp,13.0,4.0,0.05,0.5,4.0,5.0,3.0,1.0,1.0,1.0,unknown,18.0,0.0,51.0,105.0,34.0,0.0,0.0,0.0,60.0,0.0,45.0,45.0,45.0,0.0,0.0,0.0,5.0,0.0,5.0,5.0,5.0,0.0,0.0,0.0,NaN,NaN,NaN,NaN,NaN,NaN,NaN,NaN,NaN,NaN,NaN
s1995KOBEJA01IDEx.fsp,101.0,41.0,0.03,0.5,0.5,0.5,11.0,1.0,1.2,0.6,triang,18.0,0.0,0.0,0.0,0.0,0.0,0.0,0.0,51.0,0.0,0.0,0.0,0.0,0.0,0.0,0.0,1.0,0.0,0.0,0.0,0.0,0.0,0.0,0.0,NaN,NaN,NaN,NaN,NaN,NaN,NaN,NaN,NaN,NaN,NaN
s1995TAIWAN01MAxx.fsp,27.0,18.0,0.0,0.0,0.5,0.5,1.0,1.0,0.3,0.0,triang,9.0,0.0,0.0,0.0,0.0,NaN,NaN,NaN,999.0,0.0,0.0,0.0,0.0,0.0,NaN,NaN,999.0,0.0,0.0,0.0,0.0,0.0,NaN,NaN,NaN,NaN,NaN,NaN,0.0,NaN,NaN,NaN,NaN,NaN,NaN
s1995TAIWAN02MAxx.fsp,21.0,26.0,0.0,0.0,0.3,0.3,1.0,1.0,0.3,0.0,triang,10.0,0.0,0.0,0.0,0.0,NaN,NaN,NaN,999.0,0.0,0.0,0.0,0.0,0.0,NaN,NaN,999.0,0.0,0.0,0.0,0.0,0.0,NaN,NaN,NaN,NaN,NaN,NaN,0.0,NaN,NaN,NaN,NaN,NaN,NaN
s1995TAIWAN03MAxx.fsp,21.0,26.0,0.0,0.0,0.3,0.3,1.0,1.0,0.3,0.0,triang,10.0,0.0,0.0,0.0,0.0,NaN,NaN,NaN,999.0,0.0,0.0,0.0,0.0,0.0,NaN,NaN,999.0,0.0,0.0,0.0,0.0,0.0,NaN,NaN,NaN,NaN,NaN,NaN,0.0,NaN,NaN,NaN,NaN,NaN,NaN
s1996HYUGAx01YAGI.fsp,11.0,11.0,0.05,0.4,2.92,2.92,8.0,1.0,0.8,0.0,triang,11.0,0.0,0.0,0.0,22.0,0.0,0.0,0.0,275.0,0.0,270.0,0.0,0.0,0.0,0.0,0.0,999.0,0.0,999.0,0.0,0.0,0.0,0.0,0.0,NaN,NaN,NaN,NaN,NaN,NaN,NaN,NaN,NaN,NaN,NaN
s1996HYUGAx02YAGI.fsp,10.0,10.0,0.05,0.4,2.92,2.92,6.0,1.0,0.8,0.0,triang,11.0,0.0,0.0,0.0,22.0,0.0,0.0,0.0,186.0,0.0,190.0,0.0,0.0,0.0,0.0,0.0,999.0,0.0,999.0,0.0,0.0,0.0,0.0,0.0,NaN,NaN,NaN,NaN,NaN,NaN,NaN,NaN,NaN,NaN,NaN
s1996NAZCAR01HAYE.fsp,20.0,15.0,0.0,1.0,10.0,7.0,5.0,1.0,3.2,1.6,asymetriccosine,0.0,28.0,0.0,0.0,0.0,0.0,0.0,NaN,0.0,74.0,0.0,0.0,0.0,0.0,0.0,0.0,0.0,33.56,0.0,0.0,0.0,0.0,0.0,0.0,NaN,NaN,NaN,NaN,NaN,NaN,NaN,NaN,NaN,NaN,NaN
s1996NAZCAR01SALI.fsp,9.0,6.0,0.0,0.5,20.0,20.0,4.0,1.0,5.0,2.5,triang,0.0,13.0,0.0,0.0,0.0,0.0,0.0,0.0,0.0,75.0,0.0,0.0,0.0,0.0,0.0,0.0,0.0,999.0,0.0,0.0,0.0,0.0,0.0,0.0,NaN,NaN,NaN,NaN,NaN,NaN,NaN,NaN,NaN,NaN,NaN
s1996NAZCAR01SPEN.fsp,25.0,10.0,0.01,1.0,12.0,12.0,10.0,1.0,1.0,0.0,boxcar,0.0,28.0,0.0,0.0,0.0,0.0,0.0,0.0,0.0,62.0,0.0,0.0,0.0,0.0,0.0,0.0,0.0,30.0,0.0,0.0,0.0,0.0,0.0,0.0,NaN,NaN,NaN,NaN,NaN,NaN,NaN,NaN,NaN,NaN,NaN
s1996PUMQUx01WANG.fsp,25.0,18.0,0.0,0.0,1.0,1.0,0.0,1.0,0.0,0.0,notapplicable,0.0,0.0,NaN,NaN,0.0,NaN,NaN,0.0,0.0,0.0,0.0,0.0,0.0,999.0,0.0,NaN,0.0,0.0,0.0,0.0,0.0,999.0,0.0,NaN,NaN,NaN,NaN,999.0,NaN,NaN,NaN,NaN,NaN,0.0,0.0
s1997COLFIO01HERN.fsp,3.0,3.0,0.0,1.0,2.5,2.5,1.0,1.0,1.0,0.0,smooth,999.0,0.0,0.0,0.0,0.0,0.0,0.0,0.0,999.0,0.0,0.0,0.0,0.0,0.0,0.0,0.0,999.0,0.0,0.0,0.0,0.0,0.0,0.0,0.0,NaN,NaN,NaN,NaN,NaN,NaN,NaN,NaN,NaN,NaN,NaN
s1997COLFIO02HERN.fsp,5.0,3.0,0.0,1.0,2.5,2.5,1.0,1.0,1.0,0.0,smooth,9999.0,0.0,0.0,0.0,0.0,0.0,0.0,0.0,999.0,0.0,0.0,0.0,0.0,0.0,0.0,0.0,999.0,0.0,0.0,0.0,0.0,0.0,0.0,0.0,NaN,NaN,NaN,NaN,NaN,NaN,NaN,NaN,NaN,NaN,NaN
s1997COLFIO03HERN.fsp,6.0,4.0,0.0,1.0,1.5,1.5,1.0,1.0,1.0,0.0,smooth,999.0,0.0,0.0,0.0,0.0,0.0,0.0,0.0,999.0,0.0,0.0,0.0,0.0,0.0,0.0,0.0,999.0,0.0,0.0,0.0,0.0,0.0,0.0,0.0,NaN,NaN,NaN,NaN,NaN,NaN,NaN,NaN,NaN,NaN,NaN
s1997KAGOSH01HORI.fsp,15.0,10.0,0.1,1.0,1.0,1.0,1.0,1.0,999.0,0.0,triangle,9.0,0.0,0.0,0.0,0.0,0.0,0.0,0.0,120.0,0.0,0.0,0.0,0.0,0.0,0.0,0.0,10.0,0.0,0.0,0.0,0.0,0.0,0.0,0.0,NaN,NaN,NaN,NaN,NaN,NaN,NaN,NaN,NaN,NaN,NaN
s1997KAGOSH01MIYA.fsp,9.0,6.0,0.1,0.5,2.0,2.0,2.0,1.0,0.5,0.25,triang,999.0,0.0,0.0,0.0,0.0,0.0,0.0,0.0,999.0,0.0,0.0,0.0,0.0,0.0,0.0,0.0,999.0,0.0,0.0,0.0,0.0,0.0,0.0,0.0,NaN,NaN,NaN,NaN,NaN,NaN,NaN,NaN,NaN,NaN,NaN
s1997YAMAGU01IDEx.fsp,17.0,13.0,0.1,2.0,1.0,1.0,13.0,1.0,0.6,0.3,triang,0.0,10.0,0.0,0.0,0.0,0.0,0.0,0.0,0.0,79.0,0.0,0.0,0.0,0.0,0.0,0.0,0.0,10.2,0.0,0.0,0.0,0.0,0.0,0.0,NaN,NaN,NaN,NaN,NaN,NaN,NaN,NaN,NaN,NaN,NaN
s1997YAMAGU01MIYA.fsp,8.0,7.0,0.1,0.5,2.0,2.0,2.0,1.0,0.5,0.25,triang,999.0,0.0,0.0,0.0,0.0,0.0,0.0,0.0,999.0,0.0,0.0,0.0,0.0,0.0,0.0,0.0,999.0,0.0,0.0,0.0,0.0,0.0,0.0,0.0,NaN,NaN,NaN,NaN,NaN,NaN,NaN,NaN,NaN,NaN,NaN
s1998ANTARC01ANTO.fsp,61.0,7.0,0.0,0.1,5.0,5.0,1.0,1.0,999.0,0.0,triang,0.0,21.0,0.0,0.0,0.0,0.0,0.0,0.0,0.0,57.0,0.0,0.0,0.0,0.0,0.0,0.0,0.0,36.2,0.0,0.0,0.0,0.0,0.0,0.0,NaN,NaN,NaN,NaN,NaN,NaN,NaN,NaN,NaN,NaN,NaN
s1998ANTARC02ANTO.fsp,18.0,12.0,0.0,0.1,5.0,5.0,1.0,1.0,999.0,0.0,triang,0.0,21.0,0.0,0.0,0.0,0.0,0.0,0.0,0.0,57.0,0.0,0.0,0.0,0.0,0.0,0.0,0.0,36.2,0.0,0.0,0.0,0.0,0.0,0.0,NaN,NaN,NaN,NaN,NaN,NaN,NaN,NaN,NaN,NaN,NaN
s1998CERAMS01HAYE.fsp,21.0,9.0,0.0,1.0,8.0,5.0,5.0,1.0,1.6,0.8,asymetriccosine,0.0,51.0,0.0,0.0,0.0,0.0,0.0,NaN,0.0,92.0,0.0,0.0,0.0,0.0,0.0,0.0,0.0,32.93,0.0,0.0,0.0,0.0,0.0,0.0,NaN,NaN,NaN,NaN,NaN,NaN,NaN,NaN,NaN,NaN,NaN
s1998HIDASW05IDEx.fsp,16.0,16.0,0.1,2.0,0.25,0.25,15.0,1.0,0.1,0.05,triang,14.0,0.0,0.0,0.0,0.0,0.0,0.0,0.0,61.0,0.0,0.0,0.0,0.0,0.0,0.0,0.0,11.9,0.0,0.0,0.0,0.0,0.0,0.0,0.0,NaN,NaN,NaN,NaN,NaN,NaN,NaN,NaN,NaN,NaN,NaN
s1998HIDASW07IDEx.fsp,25.0,25.0,0.1,2.0,0.12,0.12,24.0,1.0,0.1,0.05,triang,14.0,0.0,0.0,0.0,0.0,0.0,0.0,0.0,61.0,0.0,0.0,0.0,0.0,0.0,0.0,0.0,11.9,0.0,0.0,0.0,0.0,0.0,0.0,0.0,NaN,NaN,NaN,NaN,NaN,NaN,NaN,NaN,NaN,NaN,NaN
s1998HIDASW08IDEx.fsp,25.0,33.0,0.1,2.0,0.12,0.12,13.0,1.0,0.1,0.05,triang,14.0,0.0,0.0,0.0,0.0,0.0,0.0,0.0,61.0,0.0,0.0,0.0,0.0,0.0,0.0,0.0,11.9,0.0,0.0,0.0,0.0,0.0,0.0,0.0,NaN,NaN,NaN,NaN,NaN,NaN,NaN,NaN,NaN,NaN,NaN
s1998HIDASW09IDEx.fsp,25.0,23.0,0.1,2.0,0.15,0.15,33.0,1.0,0.12,0.06,triang,14.0,0.0,0.0,0.0,0.0,0.0,0.0,0.0,66.0,0.0,0.0,0.0,0.0,0.0,0.0,0.0,11.9,0.0,0.0,0.0,0.0,0.0,0.0,0.0,NaN,NaN,NaN,NaN,NaN,NaN,NaN,NaN,NaN,NaN,NaN
s1998HIDASW10IDEx.fsp,19.0,21.0,0.1,2.0,0.1,0.1,11.0,1.0,0.1,0.05,triang,14.0,0.0,0.0,0.0,0.0,0.0,0.0,0.0,61.0,0.0,0.0,0.0,0.0,0.0,0.0,0.0,11.9,0.0,0.0,0.0,0.0,0.0,0.0,0.0,NaN,NaN,NaN,NaN,NaN,NaN,NaN,NaN,NaN,NaN,NaN
s1998HIDASW11IDEx.fsp,21.0,29.0,0.1,2.0,0.12,0.12,31.0,1.0,0.1,0.05,triang,14.0,0.0,0.0,0.0,0.0,0.0,0.0,0.0,61.0,0.0,0.0,0.0,0.0,0.0,0.0,0.0,11.9,0.0,0.0,0.0,0.0,0.0,0.0,0.0,NaN,NaN,NaN,NaN,NaN,NaN,NaN,NaN,NaN,NaN,NaN
s1998HIDASW16IDEx.fsp,25.0,29.0,0.1,2.0,0.12,0.12,19.0,1.0,0.1,0.05,triang,14.0,0.0,0.0,0.0,0.0,0.0,0.0,0.0,61.0,0.0,0.0,0.0,0.0,0.0,0.0,0.0,11.9,0.0,0.0,0.0,0.0,0.0,0.0,0.0,NaN,NaN,NaN,NaN,NaN,NaN,NaN,NaN,NaN,NaN,NaN
s1998IWATEJ01MIYA.fsp,6.0,6.0,0.1,0.5,2.0,2.0,3.0,1.0,0.0,0.0,unknown,7.0,0.0,0.0,0.0,0.0,0.0,0.0,0.0,999.0,0.0,0.0,0.0,0.0,0.0,0.0,0.0,999.0,0.0,0.0,0.0,0.0,0.0,0.0,0.0,NaN,NaN,NaN,NaN,NaN,NaN,NaN,NaN,NaN,NaN,NaN
s1998IWATEJ01NAKA.fsp,10.0,10.0,0.1,0.33,1.0,1.0,3.0,1.0,1.5,0.0,boxcar,7.0,0.0,0.0,0.0,0.0,0.0,0.0,0.0,999.0,0.0,0.0,0.0,0.0,0.0,0.0,0.0,999.0,0.0,0.0,0.0,0.0,0.0,0.0,0.0,NaN,NaN,NaN,NaN,NaN,NaN,NaN,NaN,NaN,NaN,NaN
s1998PUMQUx01WANG.fsp,38.0,23.0,0.0,0.0,1.0,1.0,0.0,1.0,0.0,0.0,notapplicable,0.0,0.0,NaN,NaN,0.0,NaN,NaN,0.0,0.0,0.0,0.0,0.0,0.0,999.0,0.0,NaN,0.0,0.0,0.0,0.0,0.0,999.0,0.0,NaN,NaN,NaN,NaN,999.0,NaN,NaN,NaN,NaN,NaN,0.0,0.0
s1998RUEYLI01MAxx.fsp,25.0,29.0,0.0,0.0,0.5,0.5,1.0,1.0,0.4,0.0,triang,9.0,0.0,0.0,0.0,0.0,NaN,NaN,NaN,999.0,0.0,0.0,0.0,0.0,0.0,NaN,NaN,999.0,0.0,0.0,0.0,0.0,0.0,NaN,NaN,NaN,NaN,NaN,NaN,0.0,NaN,NaN,NaN,NaN,NaN,NaN
s1999CHICHI01CHIx.fsp,32.0,13.0,0.0,0.5,3.5,3.5,10.0,1.0,3.0,1.5,triang,21.0,0.0,0.0,0.0,0.0,0.0,0.0,0.0,38.0,0.0,0.0,0.0,0.0,0.0,0.0,0.0,2.0,0.0,0.0,0.0,0.0,0.0,0.0,0.0,NaN,NaN,NaN,NaN,NaN,NaN,NaN,NaN,NaN,NaN,NaN
s1999CHICHI01HAYE.fsp,18.0,9.0,0.0,1.0,8.0,5.65,5.0,1.0,2.0,1.0,asymetriccosine,0.0,65.0,0.0,0.0,0.0,0.0,0.0,NaN,0.0,53.0,0.0,0.0,0.0,0.0,0.0,0.0,0.0,33.8,0.0,0.0,0.0,0.0,0.0,0.0,NaN,NaN,NaN,NaN,NaN,NaN,NaN,NaN,NaN,NaN,NaN
s1999CHICHI01MAxx.fsp,20.0,9.0,0.0,1.0,5.0,5.0,1.0,1.0,1.0,0.0,triang,21.0,22.0,0.0,0.0,131.0,0.0,0.0,0.0,30.0,27.0,35.0,0.0,0.0,0.0,0.0,0.0,2.0,50.0,5.0,0.0,0.0,0.0,0.0,0.0,NaN,NaN,NaN,NaN,NaN,NaN,NaN,NaN,NaN,NaN,NaN
s1999CHICHI01SEKI.fsp,26.0,13.0,0.05,0.5,3.0,3.0,8.0,1.0,2.0,0.8,tanhyp,31.0,0.0,0.0,0.0,0.0,0.0,0.0,0.0,999.0,0.0,0.0,0.0,0.0,0.0,0.0,0.0,999.0,0.0,0.0,0.0,0.0,0.0,0.0,0.0,NaN,NaN,NaN,NaN,NaN,NaN,NaN,NaN,NaN,NaN,NaN
s1999CHICHI01WUxx.fsp,85.0,49.0,0.02,0.5,1.0,1.0,11.0,1.0,4.0,2.0,triang,47.0,0.0,0.0,0.0,60.0,0.0,0.0,0.0,25.0,0.0,30.0,0.0,0.0,0.0,0.0,0.0,1.0,0.0,5.0,0.0,0.0,0.0,0.0,0.0,NaN,NaN,NaN,NaN,NaN,NaN,NaN,NaN,NaN,NaN,NaN
s1999CHICHI01ZENG.fsp,168.0,84.0,0.05,0.25,0.5,0.5,1.0,1.0,999.0,0.0,assym.,15.0,0.0,0.0,0.0,130.0,0.0,0.0,0.0,80.0,0.0,30.0,0.0,0.0,0.0,0.0,0.0,5.0,0.0,5.0,0.0,0.0,0.0,0.0,0.0,NaN,NaN,NaN,NaN,NaN,NaN,NaN,NaN,NaN,NaN,NaN
s1999CHICHI02MAxx.fsp,21.0,8.0,0.0,1.0,5.0,5.0,12.0,1.0,1.0,0.0,triang,21.0,22.0,0.0,0.0,131.0,0.0,0.0,0.0,30.0,27.0,35.0,0.0,0.0,0.0,0.0,0.0,2.0,50.0,5.0,0.0,0.0,0.0,0.0,0.0,NaN,NaN,NaN,NaN,NaN,NaN,NaN,NaN,NaN,NaN,NaN
s1999DUZCET01BIRG.fsp,13.0,4.0,0.01,0.05,3.15,3.15,6.0,1.0,1.0,0.5,smooth,8.0,0.0,0.0,0.0,0.0,0.0,0.0,0.0,999.0,0.0,0.0,0.0,0.0,0.0,0.0,0.0,999.0,0.0,0.0,0.0,0.0,0.0,0.0,0.0,NaN,NaN,NaN,NaN,NaN,NaN,NaN,NaN,NaN,NaN,NaN
s1999IZMITT01HAYE.fsp,25.0,7.0,0.0,1.0,7.0,4.8,5.0,1.0,1.6,0.8,asymetriccosine,0.0,79.0,0.0,0.0,0.0,0.0,0.0,NaN,0.0,32.0,0.0,0.0,0.0,0.0,0.0,0.0,0.0,32.69,0.0,0.0,0.0,0.0,0.0,0.0,NaN,NaN,NaN,NaN,NaN,NaN,NaN,NaN,NaN,NaN,NaN
s1999IZMITT01YAGI.fsp,24.0,6.0,0.01,0.8,3.9,3.6,8.0,1.0,1.0,0.0,triang,9.0,11.0,0.0,0.0,0.0,0.0,0.0,0.0,102.0,92.0,0.0,0.0,0.0,0.0,0.0,0.0,30.0,10.0,0.0,0.0,0.0,0.0,0.0,0.0,NaN,NaN,NaN,NaN,NaN,NaN,NaN,NaN,NaN,NaN,NaN
s1999OAXACA01HERN.fsp,12.0,6.0,0.05,0.4,7.5,7.5,1.0,1.0,-99.0,0.0,tanhyp,8.0,0.0,0.0,0.0,0.0,0.0,0.0,0.0,131.0,0.0,0.0,0.0,0.0,0.0,0.0,0.0,17.0,0.0,0.0,0.0,0.0,0.0,0.0,0.0,NaN,NaN,NaN,NaN,NaN,NaN,NaN,NaN,NaN,NaN,NaN
s2000KLEIFA01SUDH.fsp,10.0,8.0,0.0,0.0,1.0,1.0,0.0,1.0,0.0,0.0,n/a,0.0,0.0,0.0,0.0,11.0,634.0,0.0,0.0,0.0,0.0,0.0,0.0,999.0,999.0,0.0,0.0,0.0,0.0,0.0,0.0,999.0,999.0,0.0,0.0,NaN,NaN,NaN,NaN,NaN,NaN,NaN,NaN,NaN,NaN,NaN
s2000TOTTOR01IWAT.fsp,11.0,7.0,0.1,1.0,3.0,3.0,6.0,1.0,1.0,0.5,tanhyp,999.0,0.0,0.0,0.0,0.0,0.0,0.0,0.0,999.0,0.0,0.0,0.0,0.0,0.0,0.0,0.0,999.0,0.0,0.0,0.0,0.0,0.0,0.0,0.0,NaN,NaN,NaN,NaN,NaN,NaN,NaN,NaN,NaN,NaN,NaN
s2000TOTTOR01PIAT.fsp,19.0,9.0,0.05,0.7,2.0,2.0,1.0,1.0,-99.0,0.0,box-car,18.0,0.0,0.0,0.0,13.0,0.0,0.0,0.0,30.0,0.0,0.0,0.0,30.0,0.0,0.0,0.0,6.0,0.0,0.0,0.0,11.0,0.0,0.0,0.0,NaN,NaN,NaN,NaN,NaN,NaN,NaN,NaN,NaN,NaN,NaN
s2001BHUJGU01WANG.fsp,17.0,12.0,999.0,2.0,5.0,5.0,999.0,1.0,999.0,999.0,unknown,0.0,119.0,NaN,NaN,0.0,NaN,NaN,NaN,0.0,90.0,0.0,999.0,0.0,0.0,NaN,NaN,0.0,999.0,0.0,999.0,0.0,0.0,NaN,NaN,NaN,NaN,NaN,789.0,0.0,NaN,NaN,NaN,NaN,0.0,NaN
s2001BHUJIN01ANTO.fsp,27.0,18.0,0.01,1.0,3.0,2.5,1.0,1.0,999.0,0.0,triang,0.0,39.0,0.0,0.0,0.0,0.0,0.0,0.0,0.0,999.0,0.0,0.0,0.0,0.0,0.0,0.0,0.0,30.0,0.0,0.0,0.0,0.0,0.0,0.0,NaN,NaN,NaN,NaN,NaN,NaN,NaN,NaN,NaN,NaN,NaN
s2001BHUJIN01HAYE.fsp,28.0,12.0,0.0,1.0,5.0,4.0,5.0,1.0,1.8,0.9,asymetriccosine,0.0,37.0,0.0,0.0,0.0,0.0,0.0,NaN,0.0,54.0,0.0,0.0,0.0,0.0,0.0,0.0,0.0,34.06,0.0,0.0,0.0,0.0,0.0,0.0,NaN,NaN,NaN,NaN,NaN,NaN,NaN,NaN,NaN,NaN,NaN
s2001BHUJIN01YAGI.fsp,15.0,7.0,0.01,0.4,5.0,5.0,6.0,1.0,1.5,999.0,triang,0.0,21.0,0.0,0.0,0.0,0.0,0.0,0.0,0.0,999.0,0.0,0.0,0.0,0.0,0.0,0.0,0.0,999.0,0.0,0.0,0.0,0.0,0.0,0.0,NaN,NaN,NaN,NaN,NaN,NaN,NaN,NaN,NaN,NaN,NaN
s2001GEIYOJ01SEKI.fsp,10.0,7.0,0.05,0.5,3.0,3.0,999.0,1.0,999.0,0.0,unknown,999.0,0.0,0.0,0.0,0.0,0.0,0.0,0.0,999.0,0.0,0.0,0.0,0.0,0.0,0.0,0.0,999.0,0.0,0.0,0.0,0.0,0.0,0.0,0.0,NaN,NaN,NaN,NaN,NaN,NaN,NaN,NaN,NaN,NaN,NaN
s2001QINGHA01HAYE.fsp,36.0,8.0,0.0,1.0,12.0,4.58,8.0,1.0,6.0,3.0,Asymetriccosine,0.0,41.0,0.0,0.0,0.0,0.0,0.0,0.0,0.0,84.0,0.0,0.0,0.0,0.0,0.0,0.0,0.0,36.0,0.0,0.0,0.0,0.0,0.0,0.0,NaN,NaN,NaN,NaN,NaN,NaN,NaN,NaN,NaN,NaN,NaN
s2003BAMIRA01POIA.fsp,5.0,4.0,0.05,0.5,5.0,5.0,5.0,1.0,1.0,1.0,ramp,3.0,41.0,0.0,NaN,0.0,0.0,NaN,0.0,999.0,999.0,0.0,0.0,0.0,0.0,0.0,0.0,999.0,999.0,0.0,0.0,0.0,0.0,0.0,0.0,NaN,NaN,NaN,NaN,0.0,NaN,NaN,NaN,NaN,NaN,NaN
s2003BOUMER01SEMM.fsp,16.0,8.0,0.1,0.5,4.0,4.0,1.0,1.0,-99.0,0.0,tanhyp,4.0,0.0,0.0,19.0,9.0,0.0,0.0,0.0,110.0,0.0,0.0,45.0,20.0,0.0,0.0,0.0,20.0,0.0,0.0,0.0,2.0,0.0,0.0,0.0,NaN,NaN,NaN,NaN,NaN,NaN,NaN,NaN,NaN,NaN,NaN
s2003CARLSB01WEIx.fsp,32.0,9.0,999.0,999.0,10.0,4.0,999.0,1.0,999.0,999.0,999,0.0,58.0,NaN,NaN,0.0,NaN,NaN,0.0,0.0,999.0,0.0,0.0,0.0,0.0,0.0,NaN,0.0,999.0,0.0,0.0,0.0,0.0,0.0,NaN,NaN,NaN,NaN,0.0,NaN,NaN,NaN,NaN,NaN,0.0,0.0
s2003COLIMA01HAYE.fsp,15.0,31.0,0.0,1.0,7.0,5.3,5.0,1.0,1.6,0.8,asymetriccosine,0.0,48.0,0.0,0.0,0.0,0.0,0.0,NaN,0.0,66.0,0.0,0.0,0.0,0.0,0.0,0.0,0.0,33.92,0.0,0.0,0.0,0.0,0.0,0.0,NaN,NaN,NaN,NaN,NaN,NaN,NaN,NaN,NaN,NaN,NaN
s2003COLIMA01YAGI.fsp,14.0,17.0,0.01,0.5,5.0,5.0,13.0,1.0,1.0,999.0,triangle,18.0,12.0,0.0,0.0,0.0,0.0,0.0,0.0,190.0,85.0,0.0,0.0,0.0,0.0,0.0,0.0,120.0,60.0,0.0,0.0,0.0,0.0,0.0,0.0,NaN,NaN,NaN,NaN,NaN,NaN,NaN,NaN,NaN,NaN,NaN
s2003MIYAGI01MIUR.fsp,10.0,8.0,0.0,0.0,1.2,1.2,0.0,1.0,0.0,0.0,geodetic,0.0,0.0,0.0,0.0,23.0,0.0,0.0,0.0,0.0,0.0,0.0,0.0,90.0,0.0,0.0,0.0,0.0,0.0,0.0,0.0,5.0,0.0,0.0,0.0,NaN,NaN,NaN,NaN,NaN,NaN,NaN,NaN,NaN,NaN,NaN
s2003TOKACH01HAYE.fsp,17.0,25.0,0.0,1.0,16.0,9.1,5.0,1.0,3.8,1.9,asymetriccosine,0.0,82.0,0.0,0.0,0.0,0.0,0.0,NaN,0.0,35.0,0.0,0.0,0.0,0.0,0.0,0.0,0.0,34.2,0.0,0.0,0.0,0.0,0.0,0.0,NaN,NaN,NaN,NaN,NaN,NaN,NaN,NaN,NaN,NaN,NaN
s2003TOKACH01KOKE.fsp,12.0,10.0,0.05,0.2,10.0,10.0,15.0,1.0,2.0,1.0,smooth,11.0,0.0,0.0,0.0,105.0,0.0,0.0,0.0,270.0,0.0,0.0,0.0,270.0,0.0,0.0,0.0,50.0,0.0,0.0,0.0,50.0,0.0,0.0,0.0,NaN,NaN,NaN,NaN,NaN,NaN,NaN,NaN,NaN,NaN,NaN
s2003TOKACH01TANI.fsp,5.0,4.0,0.0,0.0,40.0,40.0,0.0,1.0,0.0,0.0,tsunami,0.0,0.0,0.0,0.0,0.0,0.0,0.0,11.0,0.0,0.0,0.0,0.0,0.0,0.0,0.0,70.0,0.0,0.0,0.0,0.0,0.0,0.0,0.0,170.0,NaN,NaN,NaN,NaN,NaN,NaN,NaN,NaN,NaN,NaN,NaN
s2003TOKACH01YAGI.fsp,13.0,17.0,0.0,1.0,10.0,10.0,12.0,1.0,2.0,1.0,triangle,36.0,12.0,0.0,0.0,0.0,0.0,0.0,0.0,270.0,150.0,0.0,0.0,0.0,0.0,0.0,0.0,100.0,80.0,0.0,0.0,0.0,0.0,0.0,0.0,NaN,NaN,NaN,NaN,NaN,NaN,NaN,NaN,NaN,NaN,NaN
s2003TOKACH01YAMA.fsp,12.0,8.0,0.0,1.0,10.0,10.0,3.0,1.0,2.0,0.0,triangle,0.0,25.0,0.0,0.0,0.0,0.0,0.0,0.0,0.0,160.0,0.0,0.0,0.0,0.0,0.0,0.0,0.0,30.0,0.0,0.0,0.0,0.0,0.0,0.0,NaN,NaN,NaN,NaN,NaN,NaN,NaN,NaN,NaN,NaN,NaN
s2004IRIANx01WEIx.fsp,25.0,7.0,999.0,999.0,4.0,4.0,999.0,1.0,999.0,999.0,999,0.0,96.0,NaN,NaN,0.0,NaN,NaN,0.0,0.0,999.0,0.0,0.0,0.0,0.0,0.0,NaN,0.0,999.0,0.0,0.0,0.0,0.0,0.0,NaN,NaN,NaN,NaN,0.0,NaN,NaN,NaN,NaN,NaN,0.0,0.0
s2004NIIGAT01ASAN.fsp,14.0,9.0,0.05,1.0,2.0,2.0,6.0,1.0,1.0,0.5,smooth,22.0,0.0,0.0,0.0,0.0,0.0,0.0,0.0,999.0,0.0,0.0,0.0,0.0,0.0,0.0,0.0,999.0,0.0,0.0,0.0,0.0,0.0,0.0,0.0,NaN,NaN,NaN,NaN,0.0,NaN,NaN,NaN,NaN,NaN,NaN
s2004PARKFI01CUST.fsp,21.0,9.0,0.01,1.0,1.9,1.7,1.0,1.0,-99.0,0.0,asymm.,43.0,0.0,0.0,0.0,0.0,0.0,0.0,0.0,80.0,0.0,0.0,0.0,0.0,0.0,0.0,0.0,1.0,0.0,0.0,0.0,0.0,0.0,0.0,0.0,NaN,NaN,NaN,NaN,NaN,NaN,NaN,NaN,NaN,NaN,NaN
s2004PARKFI01DREG.fsp,18.0,9.0,0.01,1.0,1.89,1.72,12.0,1.0,999.0,999.0,triang,8.0,0.0,0.0,0.0,23.0,0.0,0.0,0.0,999.0,0.0,0.0,0.0,70.0,0.0,0.0,0.0,300.0,0.0,0.0,0.0,2.0,0.0,0.0,0.0,NaN,NaN,NaN,NaN,NaN,NaN,NaN,NaN,NaN,NaN,NaN
s2004PARKFI01JIxx.fsp,20.0,10.0,999.0,999.0,2.0,1.45,999.0,1.0,999.0,999.0,999,1.0,0.0,NaN,NaN,27.0,NaN,NaN,0.0,999.0,0.0,999.0,0.0,0.0,0.0,0.0,NaN,999.0,0.0,999.0,0.0,0.0,0.0,0.0,NaN,NaN,NaN,NaN,0.0,NaN,NaN,NaN,NaN,NaN,0.0,0.0
s2004SUMATR01JIxx.fsp,30.0,15.0,0.01,0.5,15.0,12.0,1.0,1.0,999.0,0.0,triang,0.0,15.0,0.0,0.0,0.0,0.0,0.0,0.0,0.0,0.0,0.0,0.0,0.0,0.0,0.0,0.0,0.0,0.0,0.0,0.0,0.0,0.0,0.0,0.0,NaN,NaN,NaN,NaN,NaN,NaN,NaN,NaN,NaN,NaN,NaN
s2004ZHONGB01ELLI.fsp,20.0,20.0,0.0,0.0,1.0,1.31,0.0,1.0,0.0,0.0,notapplicable,0.0,0.0,NaN,NaN,0.0,NaN,NaN,0.0,0.0,0.0,0.0,0.0,0.0,999.0,0.0,NaN,0.0,0.0,0.0,0.0,0.0,999.0,0.0,NaN,NaN,NaN,NaN,999.0,NaN,NaN,NaN,NaN,NaN,0.0,0.0
s2005FUKUOK01ASAN.fsp,13.0,9.0,0.05,1.0,2.0,2.0,6.0,1.0,1.0,0.5,smooth,16.0,0.0,0.0,0.0,0.0,0.0,0.0,0.0,999.0,0.0,0.0,0.0,0.0,0.0,0.0,0.0,999.0,0.0,0.0,0.0,0.0,0.0,0.0,0.0,NaN,NaN,NaN,NaN,0.0,NaN,NaN,NaN,NaN,NaN,NaN
s2005FUKUOK02ASAN.fsp,8.0,8.0,0.1,1.5,1.0,1.0,6.0,1.0,0.6,0.3,smooth,16.0,0.0,0.0,0.0,0.0,0.0,0.0,0.0,999.0,0.0,0.0,0.0,0.0,0.0,0.0,0.0,999.0,0.0,0.0,0.0,0.0,0.0,0.0,0.0,NaN,NaN,NaN,NaN,0.0,NaN,NaN,NaN,NaN,NaN,NaN
s2005HONSHU01SHAO.fsp,14.0,9.0,999.0,999.0,8.0,8.0,999.0,1.0,999.0,999.0,triangle,0.0,77.0,NaN,NaN,0.0,NaN,NaN,0.0,0.0,999.0,0.0,0.0,0.0,0.0,0.0,NaN,0.0,999.0,0.0,0.0,0.0,0.0,0.0,NaN,NaN,NaN,NaN,0.0,NaN,NaN,NaN,NaN,NaN,0.0,0.0
s2005KASHMI01SHAO.fsp,14.0,6.0,999.0,999.0,9.0,9.0,999.0,1.0,999.0,999.0,999,0.0,102.0,NaN,NaN,0.0,NaN,NaN,0.0,0.0,999.0,0.0,0.0,0.0,0.0,0.0,NaN,0.0,999.0,0.0,0.0,0.0,0.0,0.0,NaN,NaN,NaN,NaN,0.0,NaN,NaN,NaN,NaN,NaN,0.0,0.0
s2005NORTHE01SHAO.fsp,17.0,7.0,999.0,999.0,6.0,5.0,999.0,1.0,999.0,999.0,999,0.0,89.0,NaN,NaN,0.0,NaN,NaN,0.0,0.0,999.0,0.0,0.0,0.0,0.0,0.0,NaN,0.0,999.0,0.0,0.0,0.0,0.0,0.0,NaN,NaN,NaN,NaN,0.0,NaN,NaN,NaN,NaN,NaN,0.0,0.0
s2005SUMATR01JIxx.fsp,20.0,12.0,999.0,999.0,20.0,16.0,999.0,1.0,999.0,999.0,999,0.0,21.0,NaN,NaN,0.0,NaN,NaN,0.0,0.0,999.0,0.0,0.0,0.0,0.0,0.0,NaN,0.0,999.0,0.0,0.0,0.0,0.0,0.0,NaN,NaN,NaN,NaN,0.0,NaN,NaN,NaN,NaN,NaN,0.0,0.0
s2005SUMATR01KONC.fsp,26.0,20.0,999.0,999.0,16.0,16.0,999.0,1.0,999.0,999.0,999,0.0,999.0,NaN,NaN,16.0,NaN,NaN,90.0,0.0,999.0,999.0,0.0,0.0,0.0,999.0,NaN,0.0,999.0,999.0,0.0,0.0,0.0,999.0,NaN,NaN,NaN,NaN,0.0,NaN,NaN,NaN,NaN,NaN,0.0,0.0
s2005SUMATR01SHAO.fsp,19.0,13.0,999.0,999.0,20.0,20.0,999.0,1.0,999.0,999.0,999,0.0,108.0,NaN,NaN,0.0,NaN,NaN,0.0,0.0,999.0,0.0,0.0,0.0,0.0,0.0,NaN,0.0,999.0,0.0,0.0,0.0,0.0,0.0,NaN,NaN,NaN,NaN,0.0,NaN,NaN,NaN,NaN,NaN,0.0,0.0
s2005ZHONGB01ELLI.fsp,28.0,12.0,0.0,0.0,1.0,1.56,0.0,1.0,0.0,0.0,notapplicable,0.0,0.0,NaN,NaN,0.0,NaN,NaN,0.0,0.0,0.0,0.0,0.0,0.0,999.0,0.0,NaN,0.0,0.0,0.0,0.0,0.0,999.0,0.0,NaN,NaN,NaN,NaN,999.0,NaN,NaN,NaN,NaN,NaN,0.0,0.0
s2006JAVAIN01HAYE.fsp,17.0,12.0,0.0,1.0,20.0,11.0,8.0,1.0,5.0,2.5,asymetriccosine,0.0,49.0,0.0,0.0,0.0,0.0,0.0,NaN,0.0,41.0,0.0,0.0,0.0,0.0,0.0,0.0,0.0,34.5,0.0,0.0,0.0,0.0,0.0,0.0,NaN,NaN,NaN,NaN,NaN,NaN,NaN,NaN,NaN,NaN,NaN
s2006JAVAIN01YAGI.fsp,25.0,14.0,999.0,999.0,10.0,10.0,39.0,1.0,60.0,1.5,multiwin,0.0,58.0,NaN,NaN,0.0,0.0,NaN,NaN,0.0,999.0,0.0,0.0,0.0,NaN,NaN,NaN,0.0,999.0,0.0,0.0,0.0,NaN,NaN,NaN,NaN,NaN,NaN,NaN,0.0,NaN,NaN,NaN,NaN,NaN,NaN
s2006KURILI01HAYE.fsp,18.0,15.0,0.0,1.0,20.0,9.8,5.0,1.0,5.4,2.7,asymetriccosine,0.0,68.0,0.0,0.0,0.0,0.0,0.0,NaN,0.0,39.0,0.0,0.0,0.0,0.0,0.0,0.0,0.0,32.34,0.0,0.0,0.0,0.0,0.0,0.0,NaN,NaN,NaN,NaN,NaN,NaN,NaN,NaN,NaN,NaN,NaN
s2006KURILI01JIxx.fsp,20.0,11.0,999.0,999.0,20.0,12.5,999.0,1.0,999.0,999.0,999,0.0,46.0,NaN,NaN,0.0,NaN,NaN,0.0,0.0,999.0,0.0,0.0,0.0,0.0,0.0,NaN,0.0,999.0,0.0,0.0,0.0,0.0,0.0,NaN,NaN,NaN,NaN,0.0,NaN,NaN,NaN,NaN,NaN,0.0,0.0
s2006KURILI01LAYx.fsp,12.0,10.0,0.8,2.0,20.0,10.0,6.0,1.0,2.0,2.0,symm.traingles,0.0,280.0,NaN,NaN,0.0,NaN,NaN,0.0,0.0,999.0,0.0,0.0,0.0,0.0,0.0,NaN,0.0,999.0,0.0,0.0,0.0,0.0,0.0,NaN,NaN,NaN,NaN,0.0,NaN,NaN,NaN,0.0,NaN,0.0,NaN
s2006KURILI02SLAD.fsp,21.0,11.0,999.0,999.0,15.0,12.0,999.0,1.0,999.0,999.0,999,0.0,53.0,NaN,NaN,0.0,NaN,NaN,0.0,0.0,999.0,0.0,0.0,0.0,0.0,0.0,NaN,0.0,999.0,0.0,0.0,0.0,0.0,0.0,NaN,NaN,NaN,NaN,0.0,NaN,NaN,NaN,NaN,NaN,0.0,0.0
s2006PINGTU02YENx.fsp,18.0,16.0,0.01,0.5,5.0,5.0,1.0,1.0,2.0,0.0,triang,0.0,15.0,0.0,0.0,0.0,NaN,NaN,NaN,0.0,107.0,0.0,0.0,0.0,0.0,NaN,NaN,0.0,0.0,0.0,0.0,0.0,0.0,NaN,NaN,NaN,NaN,NaN,NaN,0.0,NaN,NaN,NaN,NaN,NaN,NaN
s2006SOUTHE01JIxx.fsp,21.0,7.0,999.0,999.0,15.0,11.0,999.0,1.0,999.0,999.0,999,0.0,30.0,NaN,NaN,0.0,NaN,NaN,0.0,0.0,999.0,0.0,0.0,0.0,0.0,0.0,NaN,0.0,999.0,0.0,0.0,0.0,0.0,0.0,NaN,NaN,NaN,NaN,0.0,NaN,NaN,NaN,NaN,NaN,0.0,0.0
s2006SOUTHE01KONC.fsp,20.0,13.0,999.0,999.0,12.0,12.5,999.0,1.0,999.0,999.0,999,0.0,13.0,NaN,NaN,0.0,NaN,NaN,0.0,0.0,999.0,0.0,0.0,0.0,0.0,0.0,NaN,0.0,999.0,0.0,0.0,0.0,0.0,0.0,NaN,NaN,NaN,NaN,0.0,NaN,NaN,NaN,NaN,NaN,0.0,0.0
s2007BENGKU01GUSM.fsp,16.0,10.0,999.0,999.0,25.0,25.0,999.0,1.0,999.0,999.0,Not-Applicable,0.0,0.0,NaN,NaN,0.0,NaN,NaN,4.0,0.0,0.0,0.0,0.0,0.0,0.0,999.0,NaN,0.0,0.0,0.0,0.0,0.0,0.0,999.0,NaN,NaN,NaN,NaN,0.0,NaN,NaN,NaN,NaN,NaN,0.0,0.0
s2007BENGKU02GUSM.fsp,16.0,10.0,999.0,999.0,25.0,25.0,999.0,1.0,999.0,999.0,Not-Applicable,0.0,0.0,NaN,NaN,0.0,NaN,NaN,4.0,0.0,0.0,0.0,0.0,0.0,999.0,999.0,NaN,0.0,0.0,0.0,0.0,0.0,999.0,999.0,NaN,NaN,NaN,NaN,7201.0,NaN,NaN,NaN,NaN,NaN,0.0,0.0
s2007BENKUL01HAYE.fsp,22.0,20.0,0.0,1.0,16.0,16.0,10.0,1.0,3.6,1.8,asymetriccosine,0.0,87.0,0.0,0.0,0.0,0.0,0.0,NaN,0.0,41.0,0.0,0.0,0.0,0.0,0.0,0.0,0.0,35.21,0.0,0.0,0.0,0.0,0.0,0.0,NaN,NaN,NaN,NaN,NaN,NaN,NaN,NaN,NaN,NaN,NaN
s2007BENKUL01JIxx.fsp,28.0,11.0,999.0,999.0,20.0,14.5,999.0,1.0,999.0,999.0,triangular,0.0,71.0,NaN,NaN,0.0,NaN,NaN,999.0,0.0,999.0,0.0,0.0,0.0,0.0,999.0,NaN,0.0,999.0,0.0,0.0,0.0,0.0,999.0,NaN,NaN,NaN,NaN,0.0,NaN,NaN,NaN,NaN,NaN,0.0,0.0
s2007BENKUL01KONC.fsp,25.0,13.0,999.0,999.0,18.0,16.0,999.0,1.0,999.0,999.0,999,0.0,34.0,NaN,NaN,0.0,NaN,NaN,999.0,0.0,999.0,0.0,0.0,0.0,0.0,999.0,NaN,0.0,999.0,0.0,0.0,0.0,0.0,999.0,NaN,NaN,NaN,NaN,0.0,NaN,NaN,NaN,NaN,NaN,0.0,0.0
s2007BENKUL02KONC.fsp,25.0,23.0,999.0,999.0,16.0,16.0,999.0,1.0,999.0,999.0,999,0.0,35.0,NaN,NaN,37.0,NaN,NaN,1.0,0.0,999.0,999.0,0.0,0.0,0.0,999.0,NaN,0.0,999.0,999.0,0.0,0.0,0.0,999.0,NaN,NaN,NaN,NaN,0.0,NaN,NaN,NaN,NaN,NaN,0.0,0.0
s2007KURILI01HAYE.fsp,16.0,8.0,0.0,1.0,20.0,11.62,5.0,1.0,3.2,1.6,asymetriccosine,0.0,78.0,0.0,0.0,0.0,0.0,0.0,NaN,0.0,39.0,0.0,0.0,0.0,0.0,0.0,0.0,0.0,33.25,0.0,0.0,0.0,0.0,0.0,0.0,NaN,NaN,NaN,NaN,NaN,NaN,NaN,NaN,NaN,NaN,NaN
s2007KURILI01JIxx.fsp,25.0,7.0,0.0,0.5,8.0,5.0,999.0,1.0,160.0,999.0,999,0.0,77.0,NaN,NaN,0.0,NaN,NaN,0.0,0.0,999.0,0.0,0.0,0.0,0.0,0.0,NaN,0.0,999.0,0.0,0.0,0.0,0.0,0.0,NaN,NaN,NaN,NaN,0.0,NaN,NaN,NaN,NaN,NaN,0.0,0.0
s2007KURILI01SLAD.fsp,28.0,8.0,0.04,0.2,8.0,5.0,999.0,1.0,999.0,999.0,999,0.0,24.0,NaN,NaN,0.0,NaN,NaN,0.0,0.0,999.0,0.0,0.0,0.0,0.0,0.0,NaN,0.0,999.0,0.0,0.0,0.0,0.0,0.0,NaN,NaN,NaN,NaN,0.0,NaN,NaN,NaN,NaN,NaN,0.0,0.0
s2007MOLUCC01HAYE.fsp,29.0,14.0,0.0,1.0,7.5,5.12,5.0,1.0,1.8,0.9,asymetriccosine,0.0,49.0,0.0,0.0,0.0,0.0,0.0,NaN,0.0,35.0,0.0,0.0,0.0,0.0,0.0,0.0,0.0,32.11,0.0,0.0,0.0,0.0,0.0,0.0,NaN,NaN,NaN,NaN,NaN,NaN,NaN,NaN,NaN,NaN,NaN
s2007NIIGAT01CIRE.fsp,21.0,17.0,0.02,0.5,1.75,1.75,1.0,1.0,-99.0,0.0,reg_yoffe,13.0,0.0,0.0,0.0,14.0,0.0,0.0,0.0,180.0,0.0,0.0,0.0,120.0,0.0,0.0,0.0,19.0,0.0,0.0,0.0,20.0,0.0,0.0,0.0,NaN,NaN,NaN,NaN,NaN,NaN,NaN,NaN,NaN,NaN,NaN
s2007NOTOHA01ASAN.fsp,15.0,8.0,0.05,1.0,2.0,2.0,6.0,1.0,1.0,0.5,smooth,12.0,0.0,0.0,0.0,19.0,0.0,0.0,0.0,999.0,0.0,0.0,0.0,999.0,0.0,0.0,0.0,999.0,0.0,0.0,0.0,999.0,0.0,0.0,0.0,NaN,NaN,NaN,NaN,0.0,NaN,NaN,NaN,NaN,NaN,NaN
s2007PAGAII01HAYE.fsp,16.0,15.0,0.0,1.0,14.0,10.81,5.0,1.0,3.4,1.7,asymetriccosine,0.0,40.0,0.0,0.0,0.0,0.0,0.0,NaN,0.0,107.0,0.0,0.0,0.0,0.0,0.0,0.0,0.0,33.87,0.0,0.0,0.0,0.0,0.0,0.0,NaN,NaN,NaN,NaN,NaN,NaN,NaN,NaN,NaN,NaN,NaN
s2007PAGAII01JIxx.fsp,25.0,9.0,999.0,999.0,12.5,10.0,999.0,1.0,999.0,999.0,999,0.0,68.0,NaN,NaN,0.0,NaN,NaN,0.0,0.0,999.0,0.0,0.0,0.0,0.0,0.0,NaN,0.0,999.0,0.0,0.0,0.0,0.0,0.0,NaN,NaN,NaN,NaN,0.0,NaN,NaN,NaN,NaN,NaN,0.0,0.0
s2007PAGAII01KONC.fsp,20.0,19.0,999.0,999.0,12.0,10.0,999.0,1.0,999.0,999.0,999,0.0,37.0,NaN,NaN,0.0,NaN,NaN,0.0,0.0,999.0,0.0,0.0,0.0,0.0,0.0,NaN,0.0,999.0,0.0,0.0,0.0,0.0,0.0,NaN,NaN,NaN,NaN,0.0,NaN,NaN,NaN,NaN,NaN,0.0,0.0
s2007PAGAII01SLAD.fsp,20.0,11.0,999.0,999.0,12.0,10.0,999.0,1.0,999.0,999.0,999,0.0,37.0,NaN,NaN,0.0,NaN,NaN,0.0,0.0,999.0,0.0,0.0,0.0,0.0,0.0,NaN,0.0,999.0,0.0,0.0,0.0,0.0,0.0,NaN,NaN,NaN,NaN,0.0,NaN,NaN,NaN,NaN,NaN,0.0,0.0
s2007PISCOP01JIxx.fsp,16.0,12.0,999.0,999.0,12.0,9.0,999.0,1.0,999.0,999.0,999,0.0,48.0,NaN,NaN,0.0,NaN,NaN,0.0,0.0,999.0,0.0,0.0,0.0,0.0,0.0,NaN,0.0,999.0,0.0,0.0,0.0,0.0,0.0,NaN,NaN,NaN,NaN,0.0,NaN,NaN,NaN,NaN,NaN,0.0,0.0
s2007PISCOP01KONC.fsp,20.0,16.0,999.0,999.0,12.0,10.0,999.0,1.0,999.0,999.0,999,0.0,37.0,NaN,NaN,0.0,NaN,NaN,0.0,0.0,999.0,0.0,0.0,0.0,0.0,0.0,NaN,0.0,999.0,0.0,0.0,0.0,0.0,0.0,NaN,NaN,NaN,NaN,0.0,NaN,NaN,NaN,NaN,NaN,0.0,0.0
s2007SOLOMO01JIxx.fsp,20.0,8.0,0.0,0.5,15.0,10.0,999.0,1.0,160.0,999.0,triangle,0.0,60.0,NaN,NaN,0.0,NaN,NaN,0.0,0.0,999.0,0.0,0.0,0.0,0.0,0.0,NaN,0.0,999.0,0.0,0.0,0.0,0.0,0.0,NaN,NaN,NaN,NaN,0.0,NaN,NaN,NaN,NaN,NaN,0.0,0.0
s2007SOUTHO01HAYE.fsp,21.0,21.0,0.0,1.0,9.0,9.0,5.0,1.0,2.2,1.1,asymetriccosine,0.0,70.0,0.0,0.0,0.0,0.0,0.0,NaN,0.0,39.0,0.0,0.0,0.0,0.0,0.0,0.0,0.0,33.25,0.0,0.0,0.0,0.0,0.0,0.0,NaN,NaN,NaN,NaN,NaN,NaN,NaN,NaN,NaN,NaN,NaN
s2007TOCOPI01BEJA.fsp,19.0,12.0,999.0,999.0,14.0,14.0,999.0,1.0,999.0,999.0,Not-Applicable,0.0,0.0,NaN,NaN,11.0,NaN,NaN,0.0,0.0,0.0,999.0,0.0,0.0,0.0,0.0,NaN,0.0,0.0,999.0,0.0,0.0,0.0,0.0,NaN,NaN,NaN,NaN,0.0,NaN,NaN,NaN,NaN,NaN,0.0,0.0
s2007TOCOPI01HAYE.fsp,20.0,14.0,0.0,1.0,10.0,8.75,8.0,1.0,2.2,1.1,asymetriccosine,0.0,56.0,0.0,0.0,0.0,0.0,0.0,NaN,0.0,65.0,0.0,0.0,0.0,0.0,0.0,0.0,0.0,34.99,0.0,0.0,0.0,0.0,0.0,0.0,NaN,NaN,NaN,NaN,NaN,NaN,NaN,NaN,NaN,NaN,NaN
s2007TOCOPI01JIxx.fsp,25.0,25.0,999.0,999.0,15.0,8.0,999.0,1.0,999.0,999.0,999,0.0,45.0,NaN,NaN,0.0,NaN,NaN,0.0,0.0,999.0,0.0,0.0,0.0,0.0,0.0,NaN,0.0,999.0,0.0,0.0,0.0,0.0,0.0,NaN,NaN,NaN,NaN,0.0,NaN,NaN,NaN,NaN,NaN,0.0,0.0
s2007TOCOPI01MOTA.fsp,48.0,28.0,999.0,999.0,7.29,6.43,999.0,1.0,999.0,999.0,Not-Applicable,0.0,0.0,NaN,NaN,0.0,NaN,NaN,0.0,0.0,0.0,0.0,0.0,0.0,999.0,0.0,NaN,0.0,0.0,0.0,0.0,0.0,999.0,0.0,NaN,NaN,NaN,NaN,999.0,NaN,NaN,NaN,NaN,NaN,0.0,0.0
s2007TOCOPI01SLAD.fsp,18.0,14.0,999.0,999.0,9.0,9.0,999.0,1.0,999.0,999.0,999,0.0,38.0,NaN,NaN,0.0,NaN,NaN,0.0,0.0,999.0,0.0,0.0,0.0,0.0,0.0,NaN,0.0,999.0,0.0,0.0,0.0,0.0,0.0,NaN,NaN,NaN,NaN,0.0,NaN,NaN,NaN,NaN,NaN,0.0,0.0
s2007TOCOPI01ZENG.fsp,20.0,15.0,999.0,999.0,10.0,10.0,999.0,1.0,999.0,999.0,999,0.0,42.0,NaN,NaN,0.0,NaN,NaN,0.0,0.0,999.0,0.0,0.0,0.0,0.0,0.0,NaN,0.0,999.0,0.0,0.0,0.0,0.0,0.0,NaN,NaN,NaN,NaN,0.0,NaN,NaN,NaN,NaN,NaN,0.0,0.0
s2007TOCOPI02BEJA.fsp,19.0,12.0,999.0,999.0,14.0,14.0,999.0,1.0,999.0,999.0,Not-Applicable,0.0,0.0,NaN,NaN,0.0,NaN,NaN,0.0,0.0,0.0,0.0,0.0,0.0,999.0,0.0,NaN,0.0,0.0,0.0,0.0,0.0,999.0,0.0,NaN,NaN,NaN,NaN,999.0,NaN,NaN,NaN,NaN,NaN,0.0,0.0
s2007TOCOPI03BEJA.fsp,19.0,12.0,999.0,999.0,14.0,14.0,999.0,1.0,999.0,999.0,Not-Applicable,0.0,0.0,NaN,NaN,11.0,NaN,NaN,0.0,0.0,0.0,999.0,0.0,0.0,999.0,0.0,NaN,0.0,0.0,999.0,0.0,0.0,999.0,0.0,NaN,NaN,NaN,NaN,999.0,NaN,NaN,NaN,NaN,NaN,0.0,0.0
s2007VOLCAN01HAYE.fsp,13.0,15.0,0.0,1.0,5.0,4.5,5.0,1.0,1.6,0.8,asymetriccosine,0.0,54.0,0.0,0.0,0.0,0.0,0.0,NaN,0.0,43.0,0.0,0.0,0.0,0.0,0.0,0.0,0.0,32.72,0.0,0.0,0.0,0.0,0.0,0.0,NaN,NaN,NaN,NaN,NaN,NaN,NaN,NaN,NaN,NaN,NaN
s2008GERZET01ELLI.fsp,20.0,15.0,0.0,0.0,1.0,1.31,0.0,1.0,0.0,0.0,notapplicable,0.0,0.0,NaN,NaN,0.0,NaN,NaN,0.0,0.0,0.0,0.0,0.0,0.0,999.0,0.0,NaN,0.0,0.0,0.0,0.0,0.0,999.0,0.0,NaN,NaN,NaN,NaN,999.0,NaN,NaN,NaN,NaN,NaN,0.0,0.0
s2008GERZET02ELLI.fsp,15.0,8.0,0.0,0.0,1.0,1.25,0.0,1.0,0.0,0.0,notapplicable,0.0,0.0,NaN,NaN,0.0,NaN,NaN,0.0,0.0,0.0,0.0,0.0,0.0,999.0,0.0,NaN,0.0,0.0,0.0,0.0,0.0,999.0,0.0,NaN,NaN,NaN,NaN,999.0,NaN,NaN,NaN,NaN,NaN,0.0,0.0
s2008IWATEx01ASAN.fsp,19.0,9.0,0.1,1.0,2.0,2.0,8.0,1.0,1.0,0.5,smooth,14.0,0.0,0.0,0.0,0.0,0.0,0.0,0.0,999.0,0.0,0.0,0.0,0.0,0.0,0.0,0.0,999.0,0.0,0.0,0.0,0.0,0.0,0.0,0.0,NaN,NaN,NaN,NaN,0.0,NaN,NaN,NaN,NaN,NaN,NaN
s2008IWATEx01CULT.fsp,27.0,11.0,0.02,0.5,1.58,1.58,1.0,1.0,-99.0,0.0,reg_yoffe,13.0,0.0,0.0,0.0,0.0,0.0,0.0,0.0,15.0,0.0,0.0,0.0,0.0,0.0,0.0,0.0,7.0,0.0,0.0,0.0,0.0,0.0,0.0,0.0,NaN,NaN,NaN,NaN,NaN,NaN,NaN,NaN,NaN,NaN,NaN
s2008IWATEx01HAYE.fsp,14.0,11.0,999.0,999.0,3.0,2.0,999.0,1.0,999.0,999.0,999,0.0,46.0,NaN,NaN,0.0,NaN,NaN,0.0,0.0,999.0,0.0,0.0,0.0,0.0,0.0,NaN,0.0,999.0,0.0,0.0,0.0,0.0,0.0,NaN,NaN,NaN,NaN,0.0,NaN,NaN,NaN,NaN,NaN,0.0,0.0
s2008KERMED01HAYE.fsp,14.0,14.0,999.0,999.0,5.0,5.0,999.0,1.0,999.0,999.0,999,0.0,51.0,NaN,NaN,0.0,NaN,NaN,0.0,0.0,999.0,0.0,0.0,0.0,0.0,0.0,NaN,0.0,999.0,0.0,0.0,0.0,0.0,0.0,NaN,NaN,NaN,NaN,0.0,NaN,NaN,NaN,NaN,NaN,0.0,0.0
s2008SIMEUL01HAYE.fsp,12.0,34.0,999.0,999.0,10.0,5.0,999.0,1.0,999.0,999.0,999,0.0,56.0,NaN,NaN,0.0,NaN,NaN,0.0,0.0,999.0,0.0,0.0,0.0,0.0,0.0,NaN,0.0,999.0,0.0,0.0,0.0,0.0,0.0,NaN,NaN,NaN,NaN,0.0,NaN,NaN,NaN,NaN,NaN,0.0,0.0
s2008SIMEUL01SLAD.fsp,19.0,14.0,999.0,999.0,8.0,8.0,999.0,1.0,999.0,999.0,999,0.0,25.0,NaN,NaN,0.0,NaN,NaN,0.0,0.0,999.0,0.0,0.0,0.0,0.0,0.0,NaN,0.0,999.0,0.0,0.0,0.0,0.0,0.0,NaN,NaN,NaN,NaN,0.0,NaN,NaN,NaN,NaN,NaN,0.0,0.0
s2008SIMEUL02HAYE.fsp,15.0,17.0,0.0,1.0,8.0,7.5,5.0,1.0,1.6,0.8,asymetriccosine,0.0,62.0,0.0,0.0,0.0,0.0,0.0,NaN,0.0,35.0,0.0,0.0,0.0,0.0,0.0,0.0,0.0,33.09,0.0,0.0,0.0,0.0,0.0,0.0,NaN,NaN,NaN,NaN,NaN,NaN,NaN,NaN,NaN,NaN,NaN
s2008SULAWE01SLAD.fsp,15.0,14.0,999.0,999.0,8.0,4.0,999.0,1.0,999.0,999.0,999,0.0,32.0,NaN,NaN,0.0,NaN,NaN,0.0,0.0,999.0,0.0,0.0,0.0,0.0,0.0,NaN,0.0,999.0,0.0,0.0,0.0,0.0,0.0,NaN,NaN,NaN,NaN,0.0,NaN,NaN,NaN,NaN,NaN,0.0,0.0
s2008WENCHU01JIxx.fsp,21.0,8.0,999.0,999.0,15.0,5.0,999.0,1.0,999.0,999.0,triangular,0.0,57.0,NaN,NaN,0.0,NaN,NaN,0.0,0.0,999.0,0.0,0.0,0.0,0.0,0.0,NaN,0.0,999.0,0.0,0.0,0.0,0.0,0.0,NaN,NaN,NaN,NaN,0.0,NaN,NaN,NaN,NaN,NaN,0.0,0.0
s2008WENCHU01SLAD.fsp,26.0,7.0,999.0,999.0,10.0,4.0,999.0,1.0,999.0,999.0,999,0.0,36.0,NaN,NaN,0.0,NaN,NaN,0.0,0.0,999.0,0.0,0.0,0.0,0.0,0.0,NaN,0.0,999.0,0.0,0.0,0.0,0.0,0.0,NaN,NaN,NaN,NaN,0.0,NaN,NaN,NaN,NaN,NaN,0.0,0.0
s2008WENCHU01YAGI.fsp,32.0,8.0,999.0,999.0,10.0,7.5,74.0,1.0,60.0,0.8,multiwin,0.0,44.0,NaN,NaN,0.0,0.0,NaN,NaN,0.0,999.0,0.0,0.0,0.0,NaN,NaN,NaN,0.0,999.0,0.0,0.0,0.0,NaN,NaN,NaN,NaN,NaN,NaN,NaN,0.0,NaN,NaN,NaN,NaN,NaN,NaN
s2009FIORDL01HAYE.fsp,20.0,12.0,999.0,999.0,8.0,8.0,999.0,1.0,999.0,999.0,999,0.0,61.0,NaN,NaN,0.0,NaN,NaN,0.0,0.0,999.0,0.0,0.0,0.0,0.0,0.0,NaN,0.0,999.0,0.0,0.0,0.0,0.0,0.0,NaN,NaN,NaN,NaN,0.0,NaN,NaN,NaN,NaN,NaN,0.0,0.0
s2009FIORDL02HAYE.fsp,20.0,11.0,0.0,1.0,6.0,5.0,8.0,1.0,2.4,1.2,asymetriccosine,0.0,64.0,0.0,0.0,0.0,0.0,0.0,NaN,0.0,56.0,0.0,0.0,0.0,0.0,0.0,0.0,0.0,35.73,0.0,0.0,0.0,0.0,0.0,0.0,NaN,NaN,NaN,NaN,NaN,NaN,NaN,NaN,NaN,NaN,NaN
s2009GULFOF01HAYE.fsp,18.0,8.0,999.0,999.0,6.0,2.6,999.0,1.0,999.0,999.0,triangle,0.0,36.0,NaN,NaN,0.0,NaN,NaN,0.0,0.0,999.0,0.0,0.0,0.0,0.0,0.0,NaN,0.0,999.0,0.0,0.0,0.0,0.0,0.0,NaN,NaN,NaN,NaN,0.0,NaN,NaN,NaN,NaN,NaN,0.0,0.0
s2009LAQUIL01CIRE.fsp,15.0,9.0,0.02,0.5,1.75,1.75,1.0,1.0,-99.0,0.0,reg_yoffe,14.0,0.0,0.0,0.0,17.0,0.0,0.0,0.0,0.0,0.0,0.0,0.0,45.0,0.0,0.0,0.0,4.0,0.0,0.0,0.0,4.0,0.0,0.0,0.0,NaN,NaN,NaN,NaN,NaN,NaN,NaN,NaN,NaN,NaN,NaN
s2009LAQUIL01GALL.fsp,20.0,15.0,0.05,0.5,1.0,1.0,26.0,1.0,0.4,0.4,delta,9.0,0.0,0.0,0.0,0.0,0.0,0.0,0.0,999.0,0.0,0.0,0.0,0.0,0.0,0.0,0.0,999.0,0.0,0.0,0.0,0.0,0.0,0.0,0.0,NaN,NaN,NaN,NaN,0.0,NaN,NaN,NaN,NaN,NaN,NaN
s2009LAQUIL01GUAL.fsp,15.0,12.0,999.0,999.0,2.0,2.0,999.0,1.0,86400.0,0.0,geodetic,0.0,0.0,0.0,0.0,71.0,0.0,0.0,0.0,0.0,0.0,0.0,0.0,999.0,0.0,0.0,0.0,0.0,0.0,0.0,0.0,999.0,0.0,0.0,0.0,NaN,NaN,NaN,NaN,NaN,NaN,NaN,NaN,NaN,NaN,NaN
s2009LAQUIL01POIA.fsp,6.0,4.0,0.01,0.5,4.0,4.0,4.0,1.0,2.0,1.0,triangle,0.0,34.0,0.0,NaN,0.0,0.0,NaN,0.0,0.0,999.0,0.0,0.0,0.0,0.0,0.0,0.0,0.0,999.0,0.0,0.0,0.0,0.0,0.0,0.0,NaN,NaN,NaN,NaN,0.0,NaN,NaN,NaN,NaN,NaN,NaN
s2009LAQUIL02CIRE.fsp,15.0,9.0,0.02,0.5,1.75,1.75,1.0,1.0,-99.0,0.0,reg_yoffe,14.0,0.0,0.0,0.0,36.0,4599.0,0.0,0.0,45.0,0.0,0.0,0.0,45.0,2.0,0.0,0.0,4.0,0.0,0.0,0.0,4.0,0.08,0.0,0.0,NaN,NaN,NaN,NaN,NaN,NaN,NaN,NaN,NaN,NaN,NaN
s2009LAQUIL02POIA.fsp,6.0,4.0,0.05,0.5,4.0,4.0,6.0,1.0,0.8,0.8,ramp,14.0,0.0,0.0,NaN,0.0,0.0,NaN,0.0,999.0,0.0,0.0,0.0,0.0,0.0,0.0,0.0,999.0,0.0,0.0,0.0,0.0,0.0,0.0,0.0,NaN,NaN,NaN,NaN,0.0,NaN,NaN,NaN,NaN,NaN,NaN
s2009LAQUIL03CIRE.fsp,15.0,9.0,0.02,0.5,1.75,1.75,1.0,1.0,-99.0,0.0,reg_yoffe,14.0,0.0,0.0,0.0,0.0,0.0,0.0,0.0,45.0,0.0,0.0,0.0,0.0,0.0,0.0,0.0,4.0,0.0,0.0,0.0,0.0,0.0,0.0,0.0,NaN,NaN,NaN,NaN,NaN,NaN,NaN,NaN,NaN,NaN,NaN
s2009LAQUIL04CIRE.fsp,15.0,9.0,0.0,0.0,1.75,1.75,1.0,1.0,-99.0,0.0,reg_yoffe,0.0,0.0,0.0,0.0,36.0,0.0,0.0,0.0,0.0,0.0,0.0,0.0,45.0,0.0,0.0,0.0,0.0,0.0,0.0,0.0,4.0,0.0,0.0,0.0,NaN,NaN,NaN,NaN,NaN,NaN,NaN,NaN,NaN,NaN,NaN
s2009LAQUIL05CIRE.fsp,15.0,9.0,0.0,0.0,1.75,1.75,1.0,1.0,-99.0,0.0,reg_yoffe,0.0,0.0,0.0,0.0,0.0,4599.0,0.0,0.0,0.0,0.0,0.0,0.0,0.0,2.0,0.0,0.0,0.0,0.0,0.0,0.0,0.0,0.08,0.0,0.0,NaN,NaN,NaN,NaN,NaN,NaN,NaN,NaN,NaN,NaN,NaN
s2009OFFSHO01HAYE.fsp,36.0,8.0,999.0,999.0,5.0,4.5,999.0,1.0,999.0,999.0,999,0.0,45.0,NaN,NaN,0.0,NaN,NaN,0.0,0.0,999.0,0.0,0.0,0.0,0.0,0.0,NaN,0.0,999.0,0.0,0.0,0.0,0.0,0.0,NaN,NaN,NaN,NaN,0.0,NaN,NaN,NaN,NaN,NaN,0.0,0.0
s2009PADANG01HAYE.fsp,13.0,15.0,999.0,999.0,5.0,4.64,999.0,1.0,999.0,999.0,999,0.0,55.0,NaN,NaN,0.0,NaN,NaN,0.0,0.0,999.0,0.0,0.0,0.0,0.0,0.0,NaN,0.0,999.0,0.0,0.0,0.0,0.0,0.0,NaN,NaN,NaN,NaN,0.0,NaN,NaN,NaN,NaN,NaN,0.0,0.0
s2009PADANG01SLAD.fsp,9.0,9.0,999.0,999.0,6.0,5.0,999.0,1.0,999.0,999.0,999,0.0,50.0,NaN,NaN,0.0,NaN,NaN,0.0,0.0,999.0,0.0,0.0,0.0,0.0,0.0,NaN,0.0,999.0,0.0,0.0,0.0,0.0,0.0,NaN,NaN,NaN,NaN,0.0,NaN,NaN,NaN,NaN,NaN,0.0,0.0
s2009PADANG02HAYE.fsp,13.0,15.0,0.0,1.0,5.0,4.64,5.0,1.0,1.6,0.8,asymetriccosine,0.0,30.0,0.0,0.0,0.0,0.0,0.0,NaN,0.0,84.0,0.0,0.0,0.0,0.0,0.0,0.0,0.0,35.91,0.0,0.0,0.0,0.0,0.0,0.0,NaN,NaN,NaN,NaN,NaN,NaN,NaN,NaN,NaN,NaN,NaN
s2009PADANG02SLAD.fsp,8.0,9.0,999.0,999.0,6.0,5.0,999.0,1.0,999.0,999.0,999,0.0,50.0,NaN,NaN,0.0,NaN,NaN,0.0,0.0,999.0,0.0,0.0,0.0,0.0,0.0,NaN,0.0,999.0,0.0,0.0,0.0,0.0,0.0,NaN,NaN,NaN,NaN,0.0,NaN,NaN,NaN,NaN,NaN,0.0,0.0
s2009PADANG03HAYE.fsp,13.0,15.0,0.0,1.0,5.0,4.64,5.0,1.0,1.6,0.8,asymetriccosine,0.0,30.0,0.0,0.0,0.0,0.0,0.0,NaN,0.0,84.0,0.0,0.0,0.0,0.0,0.0,0.0,0.0,35.91,0.0,0.0,0.0,0.0,0.0,0.0,NaN,NaN,NaN,NaN,NaN,NaN,NaN,NaN,NaN,NaN,NaN
s2009PAPUAx01HAYE.fsp,15.0,16.0,999.0,999.0,8.0,6.0,999.0,1.0,999.0,999.0,999,0.0,55.0,NaN,NaN,0.0,NaN,NaN,0.0,0.0,999.0,0.0,0.0,0.0,0.0,0.0,NaN,0.0,999.0,0.0,0.0,0.0,0.0,0.0,NaN,NaN,NaN,NaN,0.0,NaN,NaN,NaN,NaN,NaN,0.0,0.0
s2009PAPUAx02HAYE.fsp,19.0,16.0,0.0,1.0,8.0,6.5,5.0,1.0,1.2,0.6,asymetriccosine,0.0,30.0,0.0,0.0,0.0,0.0,0.0,NaN,0.0,62.0,0.0,0.0,0.0,0.0,0.0,0.0,0.0,35.44,0.0,0.0,0.0,0.0,0.0,0.0,NaN,NaN,NaN,NaN,NaN,NaN,NaN,NaN,NaN,NaN,NaN
s2009SAMOAx01HAYE.fsp,36.0,12.0,999.0,999.0,5.0,4.09,999.0,1.0,999.0,999.0,999,0.0,67.0,NaN,NaN,0.0,NaN,NaN,0.0,0.0,999.0,0.0,0.0,0.0,0.0,0.0,NaN,0.0,999.0,0.0,0.0,0.0,0.0,0.0,NaN,NaN,NaN,NaN,0.0,NaN,NaN,NaN,NaN,NaN,0.0,0.0
s2009VANUAT01HAYE.fsp,20.0,16.0,999.0,999.0,10.0,10.0,999.0,1.0,999.0,999.0,999,0.0,53.0,NaN,NaN,0.0,NaN,NaN,0.0,0.0,999.0,0.0,0.0,0.0,0.0,0.0,NaN,0.0,999.0,0.0,0.0,0.0,0.0,0.0,NaN,NaN,NaN,NaN,0.0,NaN,NaN,NaN,NaN,NaN,0.0,0.0
s2009VANUAT01SLAD.fsp,13.0,12.0,999.0,999.0,7.0,5.0,999.0,1.0,999.0,999.0,999,0.0,25.0,NaN,NaN,0.0,NaN,NaN,0.0,0.0,999.0,0.0,0.0,0.0,0.0,0.0,NaN,0.0,999.0,0.0,0.0,0.0,0.0,0.0,NaN,NaN,NaN,NaN,0.0,NaN,NaN,NaN,NaN,NaN,0.0,0.0
s2009VANUAT02HAYE.fsp,17.0,18.0,0.0,1.0,8.0,6.56,5.0,1.0,3.2,1.6,asymetriccosine,0.0,48.0,0.0,0.0,0.0,0.0,0.0,NaN,0.0,71.0,0.0,0.0,0.0,0.0,0.0,0.0,0.0,33.21,0.0,0.0,0.0,0.0,0.0,0.0,NaN,NaN,NaN,NaN,NaN,NaN,NaN,NaN,NaN,NaN,NaN
s2010BONINI01HAYE.fsp,22.0,12.0,999.0,999.0,5.0,3.5,999.0,1.0,999.0,999.0,999,0.0,121.0,NaN,NaN,0.0,NaN,NaN,0.0,0.0,999.0,0.0,0.0,0.0,0.0,0.0,NaN,0.0,999.0,0.0,0.0,0.0,0.0,0.0,NaN,NaN,NaN,NaN,0.0,NaN,NaN,NaN,NaN,NaN,0.0,0.0
s2010BONINI02HAYE.fsp,22.0,12.0,0.0,1.0,5.0,3.5,5.0,1.0,1.6,0.8,asymetriccosine,0.0,69.0,0.0,0.0,0.0,0.0,0.0,NaN,0.0,34.0,0.0,0.0,0.0,0.0,0.0,0.0,0.0,35.44,0.0,0.0,0.0,0.0,0.0,0.0,NaN,NaN,NaN,NaN,NaN,NaN,NaN,NaN,NaN,NaN,NaN
s2010DARFIE01HAYE.fsp,32.0,13.0,999.0,999.0,2.5,2.0,999.0,1.0,999.0,999.0,999,0.0,132.0,NaN,NaN,0.0,NaN,NaN,0.0,0.0,999.0,0.0,0.0,0.0,0.0,0.0,NaN,0.0,999.0,0.0,0.0,0.0,0.0,0.0,NaN,NaN,NaN,NaN,0.0,NaN,NaN,NaN,NaN,NaN,0.0,0.0
s2010ELMAYO01MEND.fsp,30.0,4.0,0.0,0.0,4.0,4.0,5.0,1.0,0.0,0.0,boxcar,0.0,26.0,NaN,NaN,0.0,NaN,NaN,0.0,0.0,999.0,0.0,0.0,0.0,0.0,0.0,NaN,0.0,999.0,0.0,0.0,0.0,0.0,0.0,NaN,NaN,NaN,NaN,0.0,NaN,NaN,NaN,NaN,NaN,0.0,0.0
s2010HAITIx01CALA.fsp,25.0,12.0,0.0,0.0,2.0,2.0,0.0,1.0,0.0,0.0,geodetic,0.0,0.0,0.0,0.0,999.0,999.0,0.0,0.0,0.0,0.0,0.0,0.0,999.0,999.0,0.0,0.0,0.0,0.0,0.0,0.0,999.0,999.0,0.0,0.0,NaN,NaN,NaN,NaN,NaN,NaN,NaN,NaN,NaN,NaN,NaN
s2010HAITIx01SLAD.fsp,15.0,9.0,999.0,999.0,3.0,2.5,999.0,1.0,999.0,999.0,999,0.0,37.0,NaN,NaN,0.0,NaN,NaN,0.0,0.0,999.0,0.0,0.0,0.0,0.0,0.0,NaN,0.0,999.0,0.0,0.0,0.0,0.0,0.0,NaN,NaN,NaN,NaN,0.0,NaN,NaN,NaN,NaN,NaN,0.0,0.0
s2010HAITIx02HAYE.fsp,18.0,10.0,999.0,999.0,3.0,2.5,999.0,1.0,999.0,999.0,999,0.0,45.0,NaN,NaN,0.0,NaN,NaN,0.0,0.0,999.0,0.0,0.0,0.0,0.0,0.0,NaN,0.0,999.0,0.0,0.0,0.0,0.0,0.0,NaN,NaN,NaN,NaN,0.0,NaN,NaN,NaN,NaN,NaN,0.0,0.0
s2010MAULEC01DELO.fsp,18.0,7.0,999.0,999.0,40.0,40.0,3.0,1.0,12.0,999.0,isosceles-triangular,0.0,24.0,NaN,NaN,40.0,NaN,NaN,0.0,0.0,999.0,999.0,0.0,0.0,999.0,0.0,NaN,0.0,5003.8,999.0,0.0,0.0,999.0,0.0,NaN,NaN,NaN,NaN,1172.0,NaN,NaN,NaN,NaN,NaN,0.0,0.0
s2010MAULEC01HAYE.fsp,18.0,10.0,999.0,999.0,30.0,20.0,999.0,1.0,999.0,999.0,999,0.0,77.0,NaN,NaN,0.0,NaN,NaN,0.0,0.0,999.0,0.0,0.0,0.0,0.0,0.0,NaN,0.0,999.0,0.0,0.0,0.0,0.0,0.0,NaN,NaN,NaN,NaN,0.0,NaN,NaN,NaN,NaN,NaN,0.0,0.0
s2010MAULEC01LUTT.fsp,34.0,13.0,999.0,999.0,20.0,19.7,999.0,1.0,999.0,999.0,Not-Applicable,0.0,0.0,NaN,NaN,22.0,NaN,NaN,0.0,0.0,0.0,999.0,0.0,0.0,999.0,0.0,NaN,0.0,0.0,999.0,0.0,0.0,999.0,0.0,NaN,NaN,NaN,NaN,999.0,NaN,NaN,NaN,NaN,NaN,0.0,0.0
s2010MAULEC01POLL.fsp,126.0,42.0,999.0,999.0,5.16,4.29,999.0,1.0,999.0,999.0,not-applicable,0.0,0.0,0.0,0.0,999.0,999.0,NaN,0.0,0.0,0.0,999.0,0.0,0.0,999.0,0.0,0.0,0.0,0.0,999.0,0.0,0.0,999.0,0.0,0.0,NaN,NaN,NaN,NaN,0.0,NaN,NaN,NaN,NaN,NaN,NaN
s2010MAULEC01SHAO.fsp,20.0,11.0,999.0,999.0,30.0,17.0,999.0,1.0,999.0,999.0,999,0.0,70.0,NaN,NaN,0.0,NaN,NaN,0.0,0.0,999.0,0.0,0.0,0.0,0.0,0.0,NaN,0.0,999.0,0.0,0.0,0.0,0.0,0.0,NaN,NaN,NaN,NaN,0.0,NaN,NaN,NaN,NaN,NaN,0.0,0.0
s2010MAULEC01SLAD.fsp,19.0,12.0,999.0,999.0,30.0,15.0,10.0,1.0,10.0,999.0,half,0.0,24.0,0.0,NaN,0.0,0.0,NaN,0.0,0.0,999.0,0.0,0.0,0.0,0.0,0.0,NaN,0.0,999.0,0.0,0.0,0.0,0.0,0.0,NaN,NaN,NaN,NaN,NaN,0.0,NaN,NaN,NaN,NaN,NaN,NaN
s2010NORTHE01HAYE.fsp,20.0,18.0,999.0,999.0,12.0,12.0,999.0,1.0,999.0,999.0,999,0.0,131.0,NaN,NaN,0.0,NaN,NaN,0.0,0.0,999.0,0.0,0.0,0.0,0.0,0.0,NaN,0.0,999.0,0.0,0.0,0.0,0.0,0.0,NaN,NaN,NaN,NaN,0.0,NaN,NaN,NaN,NaN,NaN,0.0,0.0
s2010NORTHE02HAYE.fsp,15.0,15.0,999.0,999.0,6.0,6.0,999.0,1.0,999.0,999.0,999,0.0,129.0,NaN,NaN,0.0,NaN,NaN,0.0,0.0,999.0,0.0,0.0,0.0,0.0,0.0,NaN,0.0,999.0,0.0,0.0,0.0,0.0,0.0,NaN,NaN,NaN,NaN,0.0,NaN,NaN,NaN,NaN,NaN,0.0,0.0
s2010NORTHE03HAYE.fsp,20.0,18.0,0.0,1.0,12.0,12.0,8.0,1.0,2.4,1.2,asymetriccosine,0.0,66.0,0.0,0.0,0.0,0.0,0.0,NaN,0.0,62.0,0.0,0.0,0.0,0.0,0.0,0.0,0.0,33.4,0.0,0.0,0.0,0.0,0.0,0.0,NaN,NaN,NaN,NaN,NaN,NaN,NaN,NaN,NaN,NaN,NaN
s2010NORTHE04HAYE.fsp,19.0,15.0,0.0,1.0,5.0,4.2,5.0,1.0,1.6,0.8,asymetriccosine,0.0,69.0,0.0,0.0,0.0,0.0,0.0,NaN,0.0,32.0,0.0,0.0,0.0,0.0,0.0,0.0,0.0,32.37,0.0,0.0,0.0,0.0,0.0,0.0,NaN,NaN,NaN,NaN,NaN,NaN,NaN,NaN,NaN,NaN,NaN
s2010SUMATR01HAYE.fsp,25.0,14.0,999.0,999.0,15.0,14.0,999.0,1.0,999.0,999.0,999,0.0,95.0,NaN,NaN,0.0,NaN,NaN,0.0,0.0,999.0,0.0,0.0,0.0,0.0,0.0,NaN,0.0,999.0,0.0,0.0,0.0,0.0,0.0,NaN,NaN,NaN,NaN,0.0,NaN,NaN,NaN,NaN,NaN,0.0,0.0
s2010SUMATR02HAYE.fsp,15.0,14.0,0.0,1.0,15.0,10.0,5.0,1.0,3.8,1.9,asymetriccosine,0.0,47.0,0.0,0.0,0.0,0.0,0.0,NaN,0.0,62.0,0.0,0.0,0.0,0.0,0.0,0.0,0.0,33.45,0.0,0.0,0.0,0.0,0.0,0.0,NaN,NaN,NaN,NaN,NaN,NaN,NaN,NaN,NaN,NaN,NaN
s2010VANUAT01HAYE.fsp,18.0,12.0,999.0,999.0,5.0,3.5,999.0,1.0,999.0,999.0,999,0.0,67.0,NaN,NaN,0.0,NaN,NaN,0.0,0.0,999.0,0.0,0.0,0.0,0.0,0.0,NaN,0.0,999.0,0.0,0.0,0.0,0.0,0.0,NaN,NaN,NaN,NaN,0.0,NaN,NaN,NaN,NaN,NaN,0.0,0.0
s2010VANUAT02HAYE.fsp,16.0,15.0,0.0,1.0,5.0,5.0,5.0,1.0,1.6,0.8,asymetriccosine,0.0,44.0,0.0,0.0,0.0,0.0,0.0,NaN,0.0,96.0,0.0,0.0,0.0,0.0,0.0,0.0,0.0,36.66,0.0,0.0,0.0,0.0,0.0,0.0,NaN,NaN,NaN,NaN,NaN,NaN,NaN,NaN,NaN,NaN,NaN
s2010VANUAT03HAYE.fsp,23.0,12.0,0.0,1.0,5.0,3.8,5.0,1.0,1.6,0.8,asymetriccosine,0.0,69.0,0.0,0.0,0.0,0.0,0.0,NaN,0.0,87.0,0.0,0.0,0.0,0.0,0.0,0.0,0.0,38.67,0.0,0.0,0.0,0.0,0.0,0.0,NaN,NaN,NaN,NaN,NaN,NaN,NaN,NaN,NaN,NaN,NaN
s2011HONSHU01SHAO.fsp,20.0,10.0,999.0,999.0,25.0,20.0,999.0,1.0,999.0,999.0,Asymetriccosine,0.0,78.0,NaN,NaN,0.0,NaN,NaN,0.0,0.0,999.0,0.0,0.0,0.0,0.0,0.0,NaN,0.0,999.0,0.0,0.0,0.0,0.0,0.0,NaN,NaN,NaN,NaN,0.0,NaN,NaN,NaN,NaN,NaN,0.0,0.0
s2011HONSHU02SHAO.fsp,20.0,10.0,999.0,999.0,25.0,20.0,999.0,1.0,999.0,999.0,Asymetriccosine,0.0,75.0,NaN,NaN,0.0,NaN,NaN,0.0,0.0,999.0,0.0,0.0,0.0,0.0,0.0,NaN,0.0,999.0,0.0,0.0,0.0,0.0,0.0,NaN,NaN,NaN,NaN,0.0,NaN,NaN,NaN,NaN,NaN,0.0,0.0
s2011HONSHU03SHAO.fsp,19.0,10.0,999.0,999.0,25.0,20.0,999.0,1.0,999.0,999.0,Asymetriccosine,0.0,103.0,NaN,NaN,0.0,NaN,NaN,0.0,0.0,999.0,0.0,0.0,0.0,0.0,0.0,NaN,0.0,999.0,0.0,0.0,0.0,0.0,0.0,NaN,NaN,NaN,NaN,0.0,NaN,NaN,NaN,NaN,NaN,0.0,0.0
s2011HONSHU04SHAO.fsp,19.0,10.0,999.0,999.0,25.0,20.0,999.0,1.0,999.0,999.0,Asymetriccosine,0.0,107.0,NaN,NaN,0.0,NaN,NaN,0.0,0.0,999.0,0.0,0.0,0.0,0.0,0.0,NaN,0.0,999.0,0.0,0.0,0.0,0.0,0.0,NaN,NaN,NaN,NaN,0.0,NaN,NaN,NaN,NaN,NaN,0.0,0.0
s2011IBARAK01KUBO.fsp,12.0,12.0,0.02,0.2,10.0,10.0,7.0,1.0,4.0,2.0,smoothed,17.0,0.0,0.0,0.0,83.0,0.0,0.0,NaN,999.0,0.0,0.0,0.0,999.0,0.0,0.0,0.0,999.0,0.0,0.0,0.0,999.0,0.0,0.0,0.0,NaN,NaN,NaN,NaN,0.0,NaN,NaN,NaN,NaN,NaN,NaN
s2011KERMAD01HAYE.fsp,27.0,12.0,999.0,999.0,8.0,6.0,999.0,1.0,999.0,999.0,999,0.0,56.0,NaN,NaN,0.0,NaN,NaN,0.0,0.0,999.0,0.0,0.0,0.0,0.0,0.0,NaN,0.0,999.0,0.0,0.0,0.0,0.0,0.0,NaN,NaN,NaN,NaN,0.0,NaN,NaN,NaN,NaN,NaN,0.0,0.0
s2011KERMAD02HAYE.fsp,15.0,15.0,999.0,999.0,6.0,6.0,999.0,1.0,999.0,999.0,999,0.0,55.0,NaN,NaN,0.0,NaN,NaN,0.0,0.0,999.0,0.0,0.0,0.0,0.0,0.0,NaN,0.0,999.0,0.0,0.0,0.0,0.0,0.0,NaN,NaN,NaN,NaN,0.0,NaN,NaN,NaN,NaN,NaN,0.0,0.0
s2011KERMAD03HAYE.fsp,10.0,14.0,0.0,1.0,6.0,4.7,5.0,1.0,1.6,0.8,asymetriccosine,0.0,55.0,0.0,0.0,0.0,0.0,0.0,NaN,0.0,54.0,0.0,0.0,0.0,0.0,0.0,0.0,0.0,32.34,0.0,0.0,0.0,0.0,0.0,0.0,NaN,NaN,NaN,NaN,NaN,NaN,NaN,NaN,NaN,NaN,NaN
s2011KERMAD04HAYE.fsp,27.0,12.0,0.0,1.0,8.0,6.0,5.0,1.0,2.0,1.0,asymetriccosine,0.0,27.0,0.0,0.0,0.0,0.0,0.0,NaN,0.0,177.0,0.0,0.0,0.0,0.0,0.0,0.0,0.0,32.18,0.0,0.0,0.0,0.0,0.0,0.0,NaN,NaN,NaN,NaN,NaN,NaN,NaN,NaN,NaN,NaN,NaN
s2011LORCAx01LOPE.fsp,13.0,13.0,0.0,15.0,0.25,0.25,999.0,1.0,999.0,999.0,EGF,NaN,0.0,0.0,0.0,0.0,0.0,0.0,NaN,999.0,0.0,0.0,0.0,0.0,0.0,0.0,0.0,999.0,0.0,0.0,0.0,0.0,0.0,0.0,0.0,21.0,NaN,NaN,NaN,0.0,NaN,NaN,NaN,NaN,NaN,NaN
s2011LORCAx02LOPE.fsp,17.0,17.0,0.0,15.0,0.3,0.3,999.0,1.0,999.0,999.0,EGF,NaN,0.0,0.0,0.0,0.0,0.0,0.0,NaN,999.0,0.0,0.0,0.0,0.0,0.0,0.0,0.0,999.0,0.0,0.0,0.0,0.0,0.0,0.0,0.0,21.0,NaN,NaN,NaN,0.0,NaN,NaN,NaN,NaN,NaN,NaN
s2011OFFSHO01HAYE.fsp,14.0,14.0,999.0,999.0,9.0,9.0,999.0,1.0,999.0,999.0,999,0.0,107.0,NaN,NaN,0.0,NaN,NaN,0.0,0.0,999.0,0.0,0.0,0.0,0.0,0.0,NaN,0.0,999.0,0.0,0.0,0.0,0.0,0.0,NaN,NaN,NaN,NaN,0.0,NaN,NaN,NaN,NaN,NaN,0.0,0.0
s2011PAKIST01HAYE.fsp,12.0,15.0,999.0,999.0,5.0,4.0,999.0,1.0,999.0,999.0,999,0.0,33.0,NaN,NaN,0.0,NaN,NaN,0.0,0.0,999.0,0.0,0.0,0.0,0.0,0.0,NaN,0.0,999.0,0.0,0.0,0.0,0.0,0.0,NaN,NaN,NaN,NaN,0.0,NaN,NaN,NaN,NaN,NaN,0.0,0.0
s2011PAKIST02HAYE.fsp,12.0,15.0,999.0,999.0,5.0,4.0,999.0,1.0,999.0,999.0,999,0.0,33.0,NaN,NaN,0.0,NaN,NaN,0.0,0.0,999.0,0.0,0.0,0.0,0.0,0.0,NaN,0.0,999.0,0.0,0.0,0.0,0.0,0.0,NaN,NaN,NaN,NaN,0.0,NaN,NaN,NaN,NaN,NaN,0.0,0.0
s2011SIKKIM01SUNI.fsp,9.0,9.0,999.0,999.0,5.0,5.0,8.0,1.0,1.5,999.0,Traingles,0.0,64.0,NaN,NaN,0.0,NaN,NaN,NaN,0.0,-999.0,0.0,0.0,0.0,0.0,NaN,NaN,0.0,-999.0,0.0,0.0,0.0,0.0,NaN,NaN,NaN,NaN,NaN,NaN,0.0,NaN,NaN,NaN,0.0,0.0,NaN
s2011TOHOKU01AMMO.fsp,40.0,14.0,999.0,999.0,15.0,15.0,999.0,1.0,40.0,4.0,half-cosine,0.0,999.0,NaN,NaN,999.0,NaN,NaN,0.0,0.0,999.0,999.0,0.0,0.0,0.0,0.0,NaN,0.0,999.0,999.0,0.0,0.0,0.0,0.0,NaN,NaN,NaN,NaN,0.0,NaN,NaN,NaN,NaN,NaN,0.0,0.0
s2011TOHOKU01HAYE.fsp,25.0,13.0,999.0,999.0,25.0,20.0,999.0,1.0,999.0,999.0,999,0.0,116.0,NaN,NaN,0.0,NaN,NaN,0.0,0.0,999.0,0.0,0.0,0.0,0.0,0.0,NaN,0.0,999.0,0.0,0.0,0.0,0.0,0.0,NaN,NaN,NaN,NaN,0.0,NaN,NaN,NaN,NaN,NaN,0.0,0.0
s2011TOHOKU01IDEx.fsp,89.0,49.0,999.0,999.0,5.0,4.9,15.0,1.0,160.0,5.0,not-applicable,0.0,50.0,NaN,NaN,0.0,NaN,NaN,0.0,0.0,999.0,0.0,0.0,0.0,0.0,0.0,NaN,0.0,999.0,0.0,0.0,0.0,0.0,0.0,NaN,NaN,NaN,NaN,0.0,NaN,NaN,NaN,0.0,NaN,0.0,NaN
s2011TOHOKU01LAYx.fsp,19.0,10.0,999.0,999.0,20.0,20.0,999.0,1.0,32.0,4.0,symm-triangles,0.0,999.0,NaN,NaN,0.0,NaN,NaN,0.0,0.0,999.0,0.0,0.0,0.0,0.0,0.0,NaN,0.0,999.0,0.0,0.0,0.0,0.0,0.0,NaN,NaN,NaN,NaN,0.0,NaN,NaN,NaN,NaN,NaN,0.0,0.0
s2011TOHOKU01WEIx.fsp,21.0,12.0,999.0,999.0,25.0,20.0,999.0,1.0,999.0,999.0,999,0.0,38.0,NaN,NaN,0.0,NaN,NaN,0.0,0.0,999.0,0.0,0.0,0.0,0.0,0.0,NaN,0.0,999.0,0.0,0.0,0.0,0.0,0.0,NaN,NaN,NaN,NaN,0.0,NaN,NaN,NaN,NaN,NaN,0.0,0.0
s2011TOHOKU01YAGI.fsp,25.0,10.0,0.0,0.38,20.0,20.0,84.0,1.0,102.0,1.2,multiwin,0.0,51.0,NaN,NaN,0.0,0.0,NaN,NaN,0.0,999.0,0.0,0.0,0.0,NaN,NaN,NaN,0.0,999.0,0.0,0.0,0.0,NaN,NaN,NaN,NaN,NaN,NaN,NaN,0.0,NaN,NaN,NaN,NaN,NaN,NaN
s2011TOHOKU01YAMA.fsp,17.0,10.0,999.0,999.0,20.0,20.0,999.0,1.0,999.0,999.0,999,0.0,999.0,NaN,NaN,0.0,NaN,NaN,11.0,0.0,999.0,0.0,0.0,0.0,0.0,999.0,NaN,0.0,999.0,0.0,0.0,0.0,0.0,999.0,NaN,NaN,NaN,NaN,0.0,NaN,NaN,NaN,NaN,NaN,0.0,0.0
s2011TOHOKU02WEIx.fsp,25.0,14.0,999.0,999.0,25.0,20.0,6.0,1.0,30.0,999.0,halfcosine,0.0,58.0,NaN,0.0,999.0,0.0,NaN,0.0,0.0,999.0,999.0,0.0,0.0,0.0,0.0,NaN,0.0,999.0,999.0,0.0,0.0,0.0,0.0,NaN,NaN,NaN,NaN,NaN,0.0,NaN,NaN,NaN,NaN,NaN,NaN
s2011TOHOKU03WEIx.fsp,21.0,13.0,999.0,999.0,25.0,20.0,8.0,1.0,23.0,999.0,halfcosine,14.0,0.0,NaN,0.0,300.0,0.0,NaN,0.0,999.0,0.0,999.0,0.0,0.0,0.0,0.0,NaN,999.0,0.0,999.0,0.0,0.0,0.0,0.0,NaN,NaN,NaN,NaN,NaN,0.0,NaN,NaN,NaN,NaN,NaN,NaN
s2011VANTUR01ALTI.fsp,27.0,16.0,0.0,0.0,2.96,3.17,999.0,1.0,0.0,0.0,na,0.0,0.0,NaN,0.0,14.0,NaN,NaN,0.0,0.0,0.0,0.0,999.0,0.0,0.0,0.0,NaN,0.0,0.0,0.0,999.0,0.0,0.0,0.0,NaN,NaN,NaN,NaN,NaN,0.0,0.0,NaN,NaN,NaN,NaN,NaN
s2011VANTUR01HAYE.fsp,15.0,16.0,999.0,999.0,5.0,3.17,999.0,1.0,999.0,999.0,999,0.0,150.0,NaN,NaN,0.0,NaN,NaN,0.0,0.0,999.0,0.0,0.0,0.0,0.0,0.0,NaN,0.0,999.0,0.0,0.0,0.0,0.0,0.0,NaN,NaN,NaN,NaN,0.0,NaN,NaN,NaN,NaN,NaN,0.0,0.0
s2011VANTUR01KONC.fsp,38.0,16.0,0.02,0.33,2.5,2.5,999.0,1.0,999.0,999.0,999,2.0,29.0,NaN,NaN,15.0,NaN,NaN,0.0,999.0,30.0,999.0,999.0,0.0,0.0,0.0,NaN,100.0,999.0,999.0,999.0,0.0,0.0,0.0,NaN,NaN,NaN,1.0,0.0,NaN,NaN,0.0,NaN,NaN,NaN,NaN
s2011VANTUR01SHAO.fsp,9.0,9.0,999.0,999.0,5.0,5.0,999.0,1.0,999.0,999.0,999,0.0,99.0,NaN,NaN,0.0,NaN,NaN,0.0,0.0,999.0,0.0,0.0,0.0,0.0,0.0,NaN,0.0,999.0,0.0,0.0,0.0,0.0,0.0,NaN,NaN,NaN,NaN,0.0,NaN,NaN,NaN,NaN,NaN,0.0,0.0
s2011VANTUR01UTKU.fsp,70.0,35.0,0.01,1.0,1.0,1.0,8.0,1.0,1.0,1.0,iso-traingle,0.0,999.0,NaN,0.0,0.0,NaN,NaN,0.0,0.0,0.0,0.0,88.0,0.0,0.0,0.0,NaN,0.0,0.0,0.0,999.0,0.0,0.0,0.0,NaN,NaN,NaN,NaN,NaN,0.0,0.0,NaN,NaN,NaN,NaN,NaN
s2011VANUAT01HAYE.fsp,17.0,15.0,999.0,999.0,6.0,6.0,999.0,1.0,999.0,999.0,999,0.0,65.0,NaN,NaN,0.0,NaN,NaN,0.0,0.0,999.0,0.0,0.0,0.0,0.0,0.0,NaN,0.0,999.0,0.0,0.0,0.0,0.0,0.0,NaN,NaN,NaN,NaN,0.0,NaN,NaN,NaN,NaN,NaN,0.0,0.0
s2011VANUAT02HAYE.fsp,14.0,13.0,0.0,1.0,5.0,5.0,5.0,1.0,1.6,0.8,asymetriccosine,0.0,68.0,0.0,0.0,0.0,0.0,0.0,NaN,0.0,73.0,0.0,0.0,0.0,0.0,0.0,0.0,0.0,37.29,0.0,0.0,0.0,0.0,0.0,0.0,NaN,NaN,NaN,NaN,NaN,NaN,NaN,NaN,NaN,NaN,NaN
s2012BRAWLE01WEIx.fsp,17.0,14.0,999.0,999.0,0.75,0.75,12.0,1.0,1.04,999.0,half,6.0,0.0,NaN,0.0,4.0,0.0,NaN,0.0,0.0,999.0,999.0,0.0,0.0,0.0,0.0,NaN,0.0,999.0,999.0,0.0,0.0,0.0,0.0,NaN,NaN,NaN,NaN,NaN,0.0,NaN,NaN,NaN,NaN,NaN,NaN
s2012BRAWLE02WEIx.fsp,16.0,13.0,999.0,999.0,0.75,0.75,12.0,1.0,0.6,999.0,half,8.0,0.0,NaN,0.0,0.0,0.0,NaN,0.0,0.0,0.0,999.0,0.0,0.0,0.0,0.0,NaN,0.0,0.0,999.0,0.0,0.0,0.0,0.0,NaN,NaN,NaN,NaN,NaN,0.0,NaN,NaN,NaN,NaN,NaN,NaN
s2012COSTAR01HAYE.fsp,15.0,15.0,999.0,999.0,10.0,8.0,999.0,1.0,999.0,999.0,999,0.0,33.0,NaN,NaN,0.0,NaN,NaN,0.0,0.0,999.0,0.0,0.0,0.0,0.0,0.0,NaN,0.0,999.0,0.0,0.0,0.0,0.0,0.0,NaN,NaN,NaN,NaN,0.0,NaN,NaN,NaN,NaN,NaN,0.0,0.0
s2012COSTAR01LIUx.fsp,21.0,16.0,0.0,1.0,8.0,7.0,1.0,1.0,999.0,999.0,unknown,6.0,50.0,NaN,NaN,39.0,NaN,NaN,0.0,999.0,999.0,999.0,999.0,0.0,0.0,0.0,NaN,999.0,999.0,999.0,999.0,0.0,0.0,0.0,NaN,NaN,NaN,NaN,0.0,NaN,NaN,NaN,8.0,NaN,0.0,NaN
s2012EASTOF01HAYE.fsp,16.0,15.0,999.0,999.0,8.0,6.0,999.0,1.0,999.0,999.0,999,0.0,67.0,NaN,NaN,0.0,NaN,NaN,0.0,0.0,999.0,0.0,0.0,0.0,0.0,0.0,NaN,0.0,999.0,0.0,0.0,0.0,0.0,0.0,NaN,NaN,NaN,NaN,0.0,NaN,NaN,NaN,NaN,NaN,0.0,0.0
s2012MASSET01HAYE.fsp,18.0,10.0,0.0,1.0,14.0,8.2,5.0,1.0,3.0,1.5,asymetriccosine,0.0,138.0,0.0,0.0,0.0,0.0,0.0,NaN,0.0,28.0,0.0,0.0,0.0,0.0,0.0,0.0,0.0,34.83,0.0,0.0,0.0,0.0,0.0,0.0,NaN,NaN,NaN,NaN,NaN,NaN,NaN,NaN,NaN,NaN,NaN
s2012MASSET01LAYx.fsp,16.0,6.0,999.0,999.0,9.0,9.0,8.0,1.0,2.0,2.0,symm.traingles,0.0,83.0,NaN,NaN,0.0,NaN,NaN,0.0,0.0,999.0,0.0,0.0,0.0,0.0,0.0,NaN,0.0,999.0,0.0,0.0,0.0,0.0,0.0,NaN,NaN,NaN,NaN,0.0,NaN,NaN,NaN,0.0,NaN,0.0,NaN
s2012MASSET01SHAO.fsp,12.0,6.0,999.0,999.0,12.0,10.0,999.0,1.0,999.0,999.0,999,0.0,113.0,NaN,NaN,0.0,NaN,NaN,0.0,0.0,999.0,0.0,0.0,0.0,0.0,0.0,NaN,0.0,999.0,0.0,0.0,0.0,0.0,0.0,NaN,NaN,NaN,NaN,0.0,NaN,NaN,NaN,NaN,NaN,0.0,0.0
s2012MASSET01WEIx.fsp,21.0,9.0,999.0,999.0,10.0,10.0,6.0,1.0,11.0,999.0,halfcosine,0.0,64.0,0.0,0.0,0.0,0.0,0.0,0.0,0.0,999.0,0.0,0.0,0.0,0.0,0.0,0.0,0.0,999.0,0.0,0.0,0.0,0.0,0.0,0.0,NaN,NaN,NaN,NaN,0.0,NaN,NaN,NaN,NaN,NaN,NaN
s2012NICOYA01LOPE.fsp,15.0,15.0,0.0,15.0,10.0,8.0,999.0,1.0,999.0,999.0,triang,0.0,50.0,0.0,0.0,0.0,0.0,0.0,NaN,0.0,999.0,0.0,0.0,0.0,0.0,0.0,0.0,0.0,999.0,0.0,0.0,0.0,0.0,0.0,0.0,NaN,NaN,NaN,NaN,0.0,NaN,NaN,NaN,NaN,NaN,NaN
s2012OAXACA01HAYE.fsp,21.0,18.0,999.0,999.0,6.0,6.0,999.0,1.0,999.0,999.0,999,0.0,73.0,NaN,NaN,0.0,NaN,NaN,0.0,0.0,999.0,0.0,0.0,0.0,0.0,0.0,NaN,0.0,999.0,0.0,0.0,0.0,0.0,0.0,NaN,NaN,NaN,NaN,0.0,NaN,NaN,NaN,NaN,NaN,0.0,0.0
s2012OAXACA01WEIx.fsp,15.0,20.0,999.0,999.0,5.0,5.0,999.0,1.0,999.0,999.0,999,0.0,46.0,NaN,NaN,0.0,NaN,NaN,0.0,0.0,999.0,0.0,0.0,0.0,0.0,0.0,NaN,0.0,999.0,0.0,0.0,0.0,0.0,0.0,NaN,NaN,NaN,NaN,0.0,NaN,NaN,NaN,NaN,NaN,0.0,0.0
s2012OAXACA02HAYE.fsp,17.0,27.0,0.0,1.0,5.0,3.1,5.0,1.0,1.6,0.8,asymetriccosine,0.0,79.0,0.0,0.0,0.0,0.0,0.0,NaN,0.0,74.0,0.0,0.0,0.0,0.0,0.0,0.0,0.0,34.21,0.0,0.0,0.0,0.0,0.0,0.0,NaN,NaN,NaN,NaN,NaN,NaN,NaN,NaN,NaN,NaN,NaN
s2012OFFSHO01HAYE.fsp,21.0,16.0,999.0,999.0,10.0,8.0,999.0,1.0,999.0,999.0,999,0.0,10.0,NaN,NaN,0.0,NaN,NaN,0.0,0.0,999.0,0.0,0.0,0.0,0.0,0.0,NaN,0.0,999.0,0.0,0.0,0.0,0.0,0.0,NaN,NaN,NaN,NaN,0.0,NaN,NaN,NaN,NaN,NaN,0.0,0.0
s2012OFFSHO02HAYE.fsp,19.0,14.0,0.0,1.0,8.0,7.0,8.0,1.0,2.0,1.0,asymetriccosine,0.0,40.0,0.0,0.0,0.0,0.0,0.0,NaN,0.0,126.0,0.0,0.0,0.0,0.0,0.0,0.0,0.0,32.85,0.0,0.0,0.0,0.0,0.0,0.0,NaN,NaN,NaN,NaN,NaN,NaN,NaN,NaN,NaN,NaN,NaN
s2012SUMATR01HAYE.fsp,25.0,8.0,999.0,999.0,15.0,5.0,999.0,1.0,999.0,999.0,999,0.0,107.0,NaN,NaN,0.0,NaN,NaN,0.0,0.0,999.0,0.0,0.0,0.0,0.0,0.0,NaN,0.0,999.0,0.0,0.0,0.0,0.0,0.0,NaN,NaN,NaN,NaN,0.0,NaN,NaN,NaN,NaN,NaN,0.0,0.0
s2012SUMATR01SHAO.fsp,19.0,8.0,999.0,999.0,20.0,5.0,999.0,1.0,999.0,999.0,999,0.0,90.0,NaN,NaN,0.0,NaN,NaN,0.0,0.0,999.0,0.0,0.0,0.0,0.0,0.0,NaN,0.0,999.0,0.0,0.0,0.0,0.0,0.0,NaN,NaN,NaN,NaN,0.0,NaN,NaN,NaN,NaN,NaN,0.0,0.0
s2012SUMATR01WEIx.fsp,32.0,12.0,999.0,999.0,12.0,5.0,8.0,1.0,16.0,999.0,halfcosine,0.0,31.0,0.0,0.0,0.0,0.0,0.0,0.0,0.0,999.0,0.0,0.0,0.0,0.0,0.0,0.0,0.0,999.0,0.0,0.0,0.0,0.0,0.0,0.0,NaN,NaN,NaN,NaN,0.0,NaN,NaN,NaN,NaN,NaN,NaN
s2012SUMATR02HAYE.fsp,17.0,8.0,999.0,999.0,15.0,6.0,999.0,1.0,999.0,999.0,999,0.0,107.0,NaN,NaN,0.0,NaN,NaN,0.0,0.0,999.0,0.0,0.0,0.0,0.0,0.0,NaN,0.0,999.0,0.0,0.0,0.0,0.0,0.0,NaN,NaN,NaN,NaN,0.0,NaN,NaN,NaN,NaN,NaN,0.0,0.0
s2012SUMATR03HAYE.fsp,15.0,6.0,999.0,999.0,6.0,3.5,999.0,1.0,999.0,999.0,999,0.0,84.0,NaN,NaN,0.0,NaN,NaN,0.0,0.0,999.0,0.0,0.0,0.0,0.0,0.0,NaN,0.0,999.0,0.0,0.0,0.0,0.0,0.0,NaN,NaN,NaN,NaN,0.0,NaN,NaN,NaN,NaN,NaN,0.0,0.0
s2012SUMATR04HAYE.fsp,31.0,7.0,0.0,1.0,5.0,4.0,5.0,1.0,1.6,0.8,asymetriccosine,0.0,100.0,0.0,0.0,0.0,0.0,0.0,NaN,0.0,74.0,0.0,0.0,0.0,0.0,0.0,0.0,0.0,32.61,0.0,0.0,0.0,0.0,0.0,0.0,NaN,NaN,NaN,NaN,NaN,NaN,NaN,NaN,NaN,NaN,NaN
s2012SUMATR05HAYE.fsp,31.0,7.0,0.0,1.0,5.0,4.0,5.0,1.0,1.6,0.8,asymetriccosine,0.0,100.0,0.0,0.0,0.0,0.0,0.0,NaN,0.0,74.0,0.0,0.0,0.0,0.0,0.0,0.0,0.0,32.61,0.0,0.0,0.0,0.0,0.0,0.0,NaN,NaN,NaN,NaN,NaN,NaN,NaN,NaN,NaN,NaN,NaN
s2012SUMATR06HAYE.fsp,22.0,8.0,0.0,1.0,15.0,6.0,8.0,1.0,3.6,1.8,asymetriccosine,0.0,56.0,0.0,0.0,0.0,0.0,0.0,NaN,0.0,62.0,0.0,0.0,0.0,0.0,0.0,0.0,0.0,35.06,0.0,0.0,0.0,0.0,0.0,0.0,NaN,NaN,NaN,NaN,NaN,NaN,NaN,NaN,NaN,NaN,NaN
s2013ALASKA01HAYE.fsp,32.0,6.0,0.0,1.0,5.0,4.0,5.0,1.0,2.0,1.0,asymetriccosine,0.0,61.0,0.0,0.0,0.0,0.0,0.0,NaN,0.0,53.0,0.0,0.0,0.0,0.0,0.0,0.0,0.0,33.76,0.0,0.0,0.0,0.0,0.0,0.0,NaN,NaN,NaN,NaN,NaN,NaN,NaN,NaN,NaN,NaN,NaN
s2013FIJIIS01HAYE.fsp,17.0,17.0,0.0,1.0,5.0,4.0,5.0,1.0,1.6,0.8,asymetriccosine,0.0,81.0,0.0,0.0,0.0,0.0,0.0,NaN,0.0,38.0,0.0,0.0,0.0,0.0,0.0,0.0,0.0,40.25,0.0,0.0,0.0,0.0,0.0,0.0,NaN,NaN,NaN,NaN,NaN,NaN,NaN,NaN,NaN,NaN,NaN
s2013KHASHI01HAYE.fsp,18.0,19.0,0.0,1.0,8.0,5.7,8.0,1.0,1.6,0.8,asymetriccosine,0.0,63.0,0.0,0.0,0.0,0.0,0.0,NaN,0.0,32.0,0.0,0.0,0.0,0.0,0.0,0.0,0.0,32.67,0.0,0.0,0.0,0.0,0.0,0.0,NaN,NaN,NaN,NaN,NaN,NaN,NaN,NaN,NaN,NaN,NaN
s2013KHASHI01WEIx.fsp,19.0,11.0,999.0,999.0,10.0,5.0,999.0,1.0,999.0,999.0,999,0.0,33.0,NaN,NaN,0.0,NaN,NaN,999.0,0.0,999.0,0.0,0.0,0.0,0.0,999.0,NaN,0.0,999.0,0.0,0.0,0.0,0.0,999.0,NaN,NaN,NaN,NaN,0.0,NaN,NaN,NaN,NaN,NaN,0.0,0.0
s2013OKHOTS01YExx.fsp,13.0,4.0,0.5,2.0,15.0,15.0,4.0,1.0,2.0,2.0,symm.traingles,0.0,284.0,NaN,NaN,0.0,NaN,NaN,0.0,0.0,999.0,0.0,0.0,0.0,0.0,0.0,NaN,0.0,999.0,0.0,0.0,0.0,0.0,0.0,NaN,NaN,NaN,NaN,0.0,NaN,NaN,NaN,0.0,NaN,0.0,NaN
s2013SANTAC01HAYE.fsp,20.0,13.0,0.0,1.0,13.0,11.0,5.0,1.0,3.6,1.8,asymetriccosine,0.0,43.0,0.0,0.0,0.0,0.0,0.0,NaN,0.0,86.0,0.0,0.0,0.0,0.0,0.0,0.0,0.0,35.26,0.0,0.0,0.0,0.0,0.0,0.0,NaN,NaN,NaN,NaN,NaN,NaN,NaN,NaN,NaN,NaN,NaN
s2013SANTAC01LAYx.fsp,16.0,10.0,0.01,1.0,9.0,9.0,7.0,1.0,2.0,2.0,symm.traingles,0.0,61.0,NaN,NaN,0.0,NaN,NaN,999.0,0.0,999.0,0.0,0.0,0.0,0.0,999.0,NaN,0.0,999.0,0.0,0.0,0.0,0.0,999.0,NaN,NaN,NaN,NaN,0.0,NaN,NaN,NaN,0.0,NaN,0.0,NaN
s2013SCOTIA01HAYE.fsp,28.0,10.0,999.0,999.0,14.0,5.0,999.0,1.0,999.0,999.0,unknown,0.0,92.0,NaN,NaN,0.0,NaN,NaN,0.0,0.0,999.0,0.0,0.0,0.0,0.0,0.0,NaN,0.0,999.0,0.0,0.0,0.0,0.0,0.0,NaN,NaN,NaN,NaN,0.0,NaN,NaN,NaN,0.0,NaN,0.0,NaN
s2013SCOTIA02HAYE.fsp,28.0,10.0,0.0,1.0,14.0,5.0,8.0,1.0,3.6,1.8,asymetriccosine,0.0,50.0,0.0,0.0,0.0,0.0,0.0,NaN,0.0,100.0,0.0,0.0,0.0,0.0,0.0,0.0,0.0,36.67,0.0,0.0,0.0,0.0,0.0,0.0,NaN,NaN,NaN,NaN,NaN,NaN,NaN,NaN,NaN,NaN,NaN
s20142014SO01GALL.fsp,20.0,16.0,0.05,0.5,0.75,0.62,21.0,1.0,0.4,0.4,delta,10.0,0.0,0.0,0.0,0.0,0.0,0.0,0.0,999.0,0.0,0.0,0.0,0.0,0.0,0.0,0.0,999.0,0.0,0.0,0.0,0.0,0.0,0.0,0.0,NaN,NaN,NaN,NaN,0.0,NaN,NaN,NaN,NaN,NaN,NaN
s2014IQUIQU01WEIx.fsp,19.0,16.0,999.0,999.0,15.0,10.0,0.0,1.0,0.0,0.0,999,0.0,91.0,NaN,NaN,0.0,NaN,NaN,0.0,0.0,999.0,0.0,0.0,0.0,0.0,0.0,NaN,0.0,999.0,0.0,0.0,0.0,0.0,0.0,NaN,NaN,NaN,NaN,NaN,NaN,0.0,NaN,0.0,NaN,0.0,NaN
s2014OFFCOA01HAYE.fsp,14.0,15.0,0.0,1.0,5.0,5.0,5.0,1.0,1.6,0.8,asymetriccosine,0.0,78.0,0.0,0.0,0.0,0.0,0.0,NaN,0.0,37.0,0.0,0.0,0.0,0.0,0.0,0.0,0.0,33.07,0.0,0.0,0.0,0.0,0.0,0.0,NaN,NaN,NaN,NaN,NaN,NaN,NaN,NaN,NaN,NaN,NaN
s2014OFFCOA02HAYE.fsp,14.0,15.0,0.0,1.0,5.0,5.0,5.0,1.0,1.6,0.8,asymetriccosine,0.0,78.0,0.0,0.0,0.0,0.0,0.0,NaN,0.0,37.0,0.0,0.0,0.0,0.0,0.0,0.0,0.0,33.07,0.0,0.0,0.0,0.0,0.0,0.0,NaN,NaN,NaN,NaN,NaN,NaN,NaN,NaN,NaN,NaN,NaN
s2015GORKHA01HAYE.fsp,23.0,24.0,0.0,1.0,8.4,7.0,6.0,1.0,2.0,1.0,asymetriccosine,0.0,90.0,0.0,0.0,0.0,0.0,0.0,NaN,0.0,37.0,0.0,0.0,0.0,0.0,0.0,0.0,0.0,32.58,0.0,0.0,0.0,0.0,0.0,0.0,NaN,NaN,NaN,NaN,NaN,NaN,NaN,NaN,NaN,NaN,NaN
s2015GORKHA01KOBA.fsp,18.0,11.0,0.01,0.4,10.0,10.0,6.0,1.0,3.0,0.0,box-car,6.0,37.0,0.0,0.0,6.0,21.0,0.0,0.0,999.0,999.0,0.0,0.0,999.0,999.0,0.0,0.0,999.0,999.0,0.0,0.0,999.0,999.0,0.0,0.0,NaN,NaN,NaN,NaN,0.0,NaN,NaN,NaN,NaN,NaN,NaN
s2015GORKHA01YAGI.fsp,20.0,11.0,0.0,0.36,8.0,8.0,34.0,1.0,28.0,0.8,multiwin,0.0,52.0,NaN,0.0,0.0,0.0,NaN,0.0,0.0,999.0,0.0,0.0,0.0,0.0,0.0,0.0,0.0,999.0,0.0,0.0,0.0,0.0,0.0,0.0,NaN,0.0,NaN,NaN,0.0,NaN,NaN,NaN,NaN,NaN,NaN
s2015HINDUK01HAYE.fsp,17.0,12.0,0.0,1.0,6.0,6.0,8.0,1.0,1.6,0.8,asymetriccosine,0.0,158.0,0.0,0.0,0.0,0.0,0.0,NaN,0.0,32.0,0.0,0.0,0.0,0.0,0.0,0.0,0.0,32.82,0.0,0.0,0.0,0.0,0.0,0.0,NaN,NaN,NaN,NaN,NaN,NaN,NaN,NaN,NaN,NaN,NaN
s2015ILLAPE01HAYE.fsp,25.0,18.0,0.0,1.0,12.0,8.8,8.0,1.0,3.2,1.6,asymetriccosine,0.0,93.0,0.0,0.0,0.0,0.0,0.0,NaN,0.0,60.0,0.0,0.0,0.0,0.0,0.0,0.0,0.0,33.54,0.0,0.0,0.0,0.0,0.0,0.0,NaN,NaN,NaN,NaN,NaN,NaN,NaN,NaN,NaN,NaN,NaN
s2015ILLAPE01OKUW.fsp,19.0,13.0,0.0,0.36,10.0,10.0,34.0,1.0,35.0,1.0,multiwin,0.0,42.0,NaN,0.0,0.0,0.0,NaN,0.0,0.0,999.0,0.0,0.0,0.0,0.0,0.0,0.0,0.0,999.0,0.0,0.0,0.0,0.0,0.0,0.0,NaN,0.0,NaN,NaN,0.0,NaN,NaN,NaN,NaN,NaN,NaN
s2015IRIANJ01HAYE.fsp,13.0,17.0,0.0,1.0,5.0,4.3,5.0,1.0,3.2,1.6,asymetriccosine,0.0,45.0,0.0,0.0,0.0,0.0,0.0,NaN,0.0,41.0,0.0,0.0,0.0,0.0,0.0,0.0,0.0,32.09,0.0,0.0,0.0,0.0,0.0,0.0,NaN,NaN,NaN,NaN,NaN,NaN,NaN,NaN,NaN,NaN,NaN
s2015NEPALx01HAYE.fsp,25.0,21.0,0.0,1.0,5.0,3.9,8.0,1.0,1.6,0.8,asymetriccosine,0.0,70.0,0.0,0.0,0.0,0.0,0.0,NaN,0.0,50.0,0.0,0.0,0.0,0.0,0.0,0.0,0.0,33.71,0.0,0.0,0.0,0.0,0.0,0.0,NaN,NaN,NaN,NaN,NaN,NaN,NaN,NaN,NaN,NaN,NaN
s2015NEWBRI02HAYE.fsp,15.0,15.0,0.0,1.0,10.0,10.0,5.0,1.0,2.0,1.0,asymetriccosine,0.0,71.0,0.0,0.0,0.0,0.0,0.0,NaN,0.0,47.0,0.0,0.0,0.0,0.0,0.0,0.0,0.0,32.07,0.0,0.0,0.0,0.0,0.0,0.0,NaN,NaN,NaN,NaN,NaN,NaN,NaN,NaN,NaN,NaN,NaN
s2015NORTHE01HAYE.fsp,17.0,11.0,0.0,1.0,5.0,3.0,5.0,1.0,1.6,0.8,asymetriccosine,0.0,54.0,0.0,0.0,0.0,0.0,0.0,NaN,0.0,45.0,0.0,0.0,0.0,0.0,0.0,0.0,0.0,34.8,0.0,0.0,0.0,0.0,0.0,0.0,NaN,NaN,NaN,NaN,NaN,NaN,NaN,NaN,NaN,NaN,NaN
s2015SOLOMO01HAYE.fsp,21.0,10.0,0.0,1.0,5.0,3.5,5.0,1.0,1.6,0.8,asymetriccosine,0.0,44.0,0.0,0.0,0.0,0.0,0.0,NaN,0.0,64.0,0.0,0.0,0.0,0.0,0.0,0.0,0.0,32.04,0.0,0.0,0.0,0.0,0.0,0.0,NaN,NaN,NaN,NaN,NaN,NaN,NaN,NaN,NaN,NaN,NaN
s2015SOLOMO02HAYE.fsp,18.0,14.0,0.0,1.0,5.0,4.0,5.0,1.0,1.6,0.8,asymetriccosine,0.0,44.0,0.0,0.0,0.0,0.0,0.0,NaN,0.0,64.0,0.0,0.0,0.0,0.0,0.0,0.0,0.0,32.04,0.0,0.0,0.0,0.0,0.0,0.0,NaN,NaN,NaN,NaN,NaN,NaN,NaN,NaN,NaN,NaN,NaN
s2015SOUTHE01HAYE.fsp,19.0,21.0,0.0,1.0,5.0,3.0,5.0,1.0,1.6,0.8,asymetriccosine,0.0,49.0,0.0,0.0,0.0,0.0,0.0,NaN,0.0,72.0,0.0,0.0,0.0,0.0,0.0,0.0,0.0,35.56,0.0,0.0,0.0,0.0,0.0,0.0,NaN,NaN,NaN,NaN,NaN,NaN,NaN,NaN,NaN,NaN,NaN
s2016ALASKA01HAYE.fsp,10.0,15.0,0.0,1.0,5.0,3.5,5.0,1.0,1.6,0.8,Asymetriccosine,0.0,72.0,NaN,NaN,0.0,NaN,NaN,0.0,0.0,62.0,0.0,0.0,0.0,0.0,0.0,NaN,0.0,33.29,0.0,0.0,0.0,0.0,0.0,NaN,NaN,NaN,NaN,0.0,NaN,NaN,NaN,0.0,NaN,0.0,NaN
s2016AMATRI01PIZZ.fsp,30.0,12.0,0.05,0.5,1.2,1.0,21.0,1.0,0.4,0.4,delta,20.0,0.0,0.0,0.0,0.0,0.0,0.0,NaN,999.0,0.0,0.0,0.0,0.0,0.0,0.0,0.0,999.0,0.0,0.0,0.0,0.0,0.0,0.0,0.0,NaN,NaN,NaN,NaN,0.0,NaN,NaN,NaN,NaN,NaN,NaN
s2016ASCENS01HAYE.fsp,22.0,5.0,0.0,1.0,5.0,3.3,5.0,1.0,1.8,0.9,asymetriccosine,0.0,59.0,0.0,0.0,0.0,0.0,0.0,NaN,0.0,63.0,0.0,0.0,0.0,0.0,0.0,0.0,0.0,35.2,0.0,0.0,0.0,0.0,0.0,0.0,NaN,NaN,NaN,NaN,NaN,NaN,NaN,NaN,NaN,NaN,NaN
s2016CHILES01HAYE.fsp,15.0,22.0,0.0,1.0,8.0,7.0,5.0,1.0,1.8,0.9,asymetriccosine,0.0,49.0,0.0,0.0,0.0,0.0,0.0,NaN,0.0,37.0,0.0,0.0,0.0,0.0,0.0,0.0,0.0,32.89,0.0,0.0,0.0,0.0,0.0,0.0,NaN,NaN,NaN,NaN,NaN,NaN,NaN,NaN,NaN,NaN,NaN
s2016KAMCHA01HAYE.fsp,15.0,15.0,0.0,1.0,5.0,4.0,5.0,1.0,1.6,0.8,asymetriccosine,0.0,77.0,0.0,0.0,0.0,0.0,0.0,NaN,0.0,41.0,0.0,0.0,0.0,0.0,0.0,0.0,0.0,32.35,0.0,0.0,0.0,0.0,0.0,0.0,NaN,NaN,NaN,NaN,NaN,NaN,NaN,NaN,NaN,NaN,NaN
s2016KAMCHA02HAYE.fsp,15.0,15.0,0.0,1.0,5.0,4.0,5.0,1.0,1.6,0.8,asymetriccosine,0.0,77.0,0.0,0.0,0.0,0.0,0.0,NaN,0.0,41.0,0.0,0.0,0.0,0.0,0.0,0.0,0.0,32.35,0.0,0.0,0.0,0.0,0.0,0.0,NaN,NaN,NaN,NaN,NaN,NaN,NaN,NaN,NaN,NaN,NaN
s2016KUMAMO01ASAN.fsp,14.0,13.0,0.05,1.0,1.0,1.0,5.0,1.0,1.0,0.5,smooth,13.0,0.0,0.0,0.0,0.0,0.0,0.0,NaN,999.0,0.0,0.0,0.0,0.0,0.0,0.0,0.0,999.0,0.0,0.0,0.0,0.0,0.0,0.0,0.0,NaN,NaN,NaN,NaN,0.0,NaN,NaN,NaN,NaN,NaN,NaN
s2016KUMAMO01HAYE.fsp,18.0,9.0,0.0,1.0,5.0,2.9,5.0,1.0,1.6,0.8,asymetriccosine,0.0,62.0,0.0,0.0,0.0,0.0,0.0,NaN,0.0,66.0,0.0,0.0,0.0,0.0,0.0,0.0,0.0,34.5,0.0,0.0,0.0,0.0,0.0,0.0,NaN,NaN,NaN,NaN,NaN,NaN,NaN,NaN,NaN,NaN,NaN
s2016KUMAMO01YAGI.fsp,28.0,10.0,0.0,0.56,2.0,2.0,49.0,1.0,15.0,0.3,multiwin,0.0,27.0,NaN,0.0,0.0,0.0,NaN,NaN,0.0,999.0,0.0,0.0,0.0,0.0,0.0,NaN,0.0,999.0,0.0,0.0,0.0,0.0,0.0,NaN,NaN,0.0,NaN,NaN,0.0,NaN,NaN,NaN,NaN,NaN,NaN
s2016LOYALT01HAYE.fsp,18.0,5.0,0.0,1.0,5.0,5.75,5.0,1.0,1.6,0.8,asymetriccosine,0.0,33.0,0.0,0.0,0.0,0.0,0.0,NaN,0.0,177.0,0.0,0.0,0.0,0.0,0.0,0.0,0.0,35.38,0.0,0.0,0.0,0.0,0.0,0.0,NaN,NaN,NaN,NaN,NaN,NaN,NaN,NaN,NaN,NaN,NaN
s2016MARIAN01HAYE.fsp,17.0,17.0,0.0,1.0,7.0,7.0,5.0,1.0,1.6,0.8,asymetriccosine,0.0,67.0,0.0,0.0,0.0,0.0,0.0,NaN,0.0,37.0,0.0,0.0,0.0,0.0,0.0,0.0,0.0,34.28,0.0,0.0,0.0,0.0,0.0,0.0,NaN,NaN,NaN,NaN,NaN,NaN,NaN,NaN,NaN,NaN,NaN
s2016MARIAN02HAYE.fsp,17.0,17.0,0.0,1.0,7.0,7.0,5.0,1.0,1.6,0.8,asymetriccosine,0.0,67.0,0.0,0.0,0.0,0.0,0.0,NaN,0.0,37.0,0.0,0.0,0.0,0.0,0.0,0.0,0.0,34.28,0.0,0.0,0.0,0.0,0.0,0.0,NaN,NaN,NaN,NaN,NaN,NaN,NaN,NaN,NaN,NaN,NaN
s2016NEARCO01HAYE.fsp,15.0,16.0,0.0,1.0,14.0,10.0,5.0,1.0,2.2,1.1,asymetriccosine,0.0,52.0,0.0,0.0,0.0,0.0,0.0,NaN,0.0,51.0,0.0,0.0,0.0,0.0,0.0,0.0,0.0,33.13,0.0,0.0,0.0,0.0,0.0,0.0,NaN,NaN,NaN,NaN,NaN,NaN,NaN,NaN,NaN,NaN,NaN
s2016NORCIA01PIZZ.fsp,30.0,13.0,0.05,0.5,1.2,1.0,31.0,1.0,0.4,0.4,delta,34.0,0.0,0.0,0.0,0.0,0.0,0.0,NaN,999.0,0.0,0.0,0.0,0.0,0.0,0.0,0.0,999.0,0.0,0.0,0.0,0.0,0.0,0.0,0.0,NaN,NaN,NaN,NaN,0.0,NaN,NaN,NaN,NaN,NaN,NaN
s2016OFFE.C01HAYE.fsp,24.0,16.0,0.0,1.0,5.0,4.5,5.0,1.0,1.6,0.8,asymetriccosine,0.0,30.0,0.0,0.0,0.0,0.0,0.0,NaN,0.0,78.0,0.0,0.0,0.0,0.0,0.0,0.0,0.0,33.33,0.0,0.0,0.0,0.0,0.0,0.0,NaN,NaN,NaN,NaN,NaN,NaN,NaN,NaN,NaN,NaN,NaN
s2016SOLOMO01HAYE.fsp,19.0,15.0,0.0,1.0,7.0,5.8,5.0,1.0,1.6,0.8,asymetriccosine,0.0,90.0,0.0,0.0,0.0,0.0,0.0,NaN,0.0,48.0,0.0,0.0,0.0,0.0,0.0,0.0,0.0,32.72,0.0,0.0,0.0,0.0,0.0,0.0,NaN,NaN,NaN,NaN,NaN,NaN,NaN,NaN,NaN,NaN,NaN
s2016SOUTHG01HAYE.fsp,18.0,10.0,0.0,1.0,5.0,3.6,5.0,1.0,1.6,0.8,asymetriccosine,0.0,47.0,0.0,0.0,0.0,0.0,0.0,NaN,0.0,63.0,0.0,0.0,0.0,0.0,0.0,0.0,0.0,34.85,0.0,0.0,0.0,0.0,0.0,0.0,NaN,NaN,NaN,NaN,NaN,NaN,NaN,NaN,NaN,NaN,NaN
s2016SOUTHS01HAYE.fsp,15.0,21.0,0.0,1.0,5.0,3.5,5.0,1.0,1.6,0.8,asymetriccosine,0.0,60.0,0.0,0.0,0.0,0.0,0.0,NaN,0.0,92.0,0.0,0.0,0.0,0.0,0.0,0.0,0.0,37.76,0.0,0.0,0.0,0.0,0.0,0.0,NaN,NaN,NaN,NaN,NaN,NaN,NaN,NaN,NaN,NaN,NaN
s2016SOUTHW01HAYE.fsp,25.0,9.0,0.0,1.0,10.0,5.0,8.0,1.0,2.2,1.1,asymetriccosine,0.0,72.0,0.0,0.0,0.0,0.0,0.0,NaN,0.0,35.0,0.0,0.0,0.0,0.0,0.0,0.0,0.0,33.61,0.0,0.0,0.0,0.0,0.0,0.0,NaN,NaN,NaN,NaN,NaN,NaN,NaN,NaN,NaN,NaN,NaN
s2016SOUTHW02HAYE.fsp,25.0,9.0,0.0,1.0,10.0,5.0,8.0,1.0,2.2,1.1,asymetriccosine,0.0,72.0,0.0,0.0,0.0,0.0,0.0,NaN,0.0,35.0,0.0,0.0,0.0,0.0,0.0,0.0,0.0,33.61,0.0,0.0,0.0,0.0,0.0,0.0,NaN,NaN,NaN,NaN,NaN,NaN,NaN,NaN,NaN,NaN,NaN
s2016USSITA01PIZZ.fsp,25.0,13.0,0.05,0.5,1.2,1.0,21.0,1.0,0.4,0.4,delta,26.0,0.0,0.0,0.0,0.0,0.0,0.0,NaN,999.0,0.0,0.0,0.0,0.0,0.0,0.0,0.0,999.0,0.0,0.0,0.0,0.0,0.0,0.0,0.0,NaN,NaN,NaN,NaN,0.0,NaN,NaN,NaN,NaN,NaN,NaN
s2016VANUAT01HAYE.fsp,11.0,13.0,0.0,1.0,5.0,4.0,5.0,1.0,1.6,0.8,asymetriccosine,0.0,26.0,0.0,0.0,0.0,0.0,0.0,NaN,0.0,104.0,0.0,0.0,0.0,0.0,0.0,0.0,0.0,36.96,0.0,0.0,0.0,0.0,0.0,0.0,NaN,NaN,NaN,NaN,NaN,NaN,NaN,NaN,NaN,NaN,NaN
s2017CAMPOT01CHEL.fsp,14.0,12.0,999.0,999.0,1.5,1.5,999.0,1.0,999.0,0.0,geodetic,0.0,0.0,0.0,0.0,48.0,3259.0,0.0,0.0,0.0,0.0,0.0,0.0,999.0,0.0,0.0,0.0,0.0,0.0,0.0,0.0,999.0,0.0,0.0,0.0,NaN,NaN,NaN,NaN,0.0,NaN,NaN,NaN,NaN,NaN,NaN
s2017CHIAPA01OKUW.fsp,29.0,13.0,0.0,0.21,5.0,5.0,39.0,1.0,50.0,0.8,multiwin,0.0,34.0,NaN,0.0,0.0,0.0,NaN,NaN,0.0,999.0,0.0,0.0,0.0,0.0,0.0,NaN,0.0,999.0,0.0,0.0,0.0,0.0,0.0,NaN,NaN,0.0,NaN,NaN,0.0,NaN,NaN,NaN,NaN,NaN,NaN
s2017SOLOMO01HAYE.fsp,15.0,15.0,0.0,1.0,8.0,7.0,5.0,1.0,1.8,0.9,asymetriccosine,0.0,51.0,0.0,0.0,0.0,0.0,0.0,NaN,0.0,46.0,0.0,0.0,0.0,0.0,0.0,0.0,0.0,37.16,0.0,0.0,0.0,0.0,0.0,0.0,NaN,NaN,NaN,NaN,NaN,NaN,NaN,NaN,NaN,NaN,NaN
s2017SOLOMO02HAYE.fsp,15.0,15.0,0.0,1.0,8.0,7.0,5.0,1.0,1.8,0.9,asymetriccosine,0.0,51.0,0.0,0.0,0.0,0.0,0.0,NaN,0.0,46.0,0.0,0.0,0.0,0.0,0.0,0.0,0.0,37.16,0.0,0.0,0.0,0.0,0.0,0.0,NaN,NaN,NaN,NaN,NaN,NaN,NaN,NaN,NaN,NaN,NaN
s2018IBURIH02KOBA.fsp,7.0,10.0,0.05,0.4,3.0,3.0,5.0,1.0,1.0,0.0,box-car,11.0,0.0,0.0,0.0,12.0,0.0,0.0,0.0,999.0,0.0,0.0,0.0,999.0,0.0,0.0,0.0,999.0,0.0,0.0,0.0,999.0,0.0,0.0,0.0,NaN,NaN,NaN,NaN,0.0,NaN,NaN,NaN,NaN,NaN,NaN
s2020ELAZIĞ01GALL.fsp,50.0,20.0,0.05,0.15,1.5,1.0,63.0,1.0,0.4,0.4,delta,24.0,0.0,0.0,0.0,16.0,0.0,0.0,0.0,999.0,0.0,0.0,0.0,0.0,0.0,0.0,0.0,999.0,0.0,0.0,0.0,0.0,0.0,0.0,0.0,NaN,NaN,NaN,NaN,0.0,NaN,NaN,NaN,NaN,NaN,NaN
s2020SAMOSI01SUNx.fsp,34.0,11.0,0.0,1.0,3.0,3.0,5.0,1.0,999.0,999.0,unknown,999.0,NaN,NaN,NaN,999.0,999.0,NaN,NaN,999.0,999.0,999.0,NaN,NaN,NaN,NaN,NaN,999.0,999.0,999.0,NaN,NaN,NaN,NaN,NaN,NaN,NaN,NaN,NaN,NaN,NaN,NaN,NaN,NaN,NaN,NaN
s2020SAMOSx01PLIC.fsp,40.0,12.0,0.02,0.15,2.5,2.0,41.0,1.0,0.5,0.5,delta,14.0,0.0,0.0,0.0,14.0,0.0,0.0,0.0,999.0,0.0,0.0,0.0,0.0,0.0,0.0,0.0,999.0,0.0,0.0,0.0,0.0,0.0,0.0,0.0,NaN,NaN,NaN,NaN,0.0,NaN,NaN,NaN,NaN,NaN,NaN
